id_frota;modelo;especialidade;codigo_filtro;tipo_filtro
46155;CAMINHAO FORD CARGO 242;CAMINHAO;1149866;FILTRO SEPARADOR
46155;CAMINHAO FORD CARGO 242;CAMINHAO;1180289;FILTRO COMBUSTIVEL
46155;CAMINHAO FORD CARGO 242;CAMINHAO;1235229;FILTRO AR INTERNO
46155;CAMINHAO FORD CARGO 242;CAMINHAO;1274934;FILTRO DA DIREÇÃO
46155;CAMINHAO FORD CARGO 242;CAMINHAO;1400198;FILTRO LUBRIFICANTE
46155;CAMINHAO FORD CARGO 242;CAMINHAO;1402432;FILTRO AR EXTERNO
60050;FIAT STRADA FREEDOM;AUTOMOVEL;1507941;FILTRO AR CONDICIONADO
60050;FIAT STRADA FREEDOM;AUTOMOVEL;1546995;FILTRO LUBRIFICANTE
60050;FIAT STRADA FREEDOM;AUTOMOVEL;1622997;FILTRO AR EXTERNO
60050;FIAT STRADA FREEDOM;AUTOMOVEL;1623000;FILTRO COMBUSTIVEL
60052;VW GOL L MB5;AUTOMOVEL;878777;FILTRO LUBRIFICANTE
60052;VW GOL L MB5;AUTOMOVEL;918313;FILTRO AR CONDICIONADO
60052;VW GOL L MB5;AUTOMOVEL;1546995;FILTRO COMBUSTIVEL
60052;VW GOL L MB5;AUTOMOVEL;2068199;FILTRO AR EXTERNO
60053;VW GOL L MB5;AUTOMOVEL;857415;FILTRO AR EXTERNO
60053;VW GOL L MB5;AUTOMOVEL;878777;FILTRO LUBRIFICANTE
60053;VW GOL L MB5;AUTOMOVEL;918313;FILTRO AR CONDICIONADO
60053;VW GOL L MB5;AUTOMOVEL;1546995;FILTRO COMBUSTIVEL
60054;FIAT STRADA ENDURANCE;AUTOMOVEL;895260;FILTRO LUBRIFICANTE
60054;FIAT STRADA ENDURANCE;AUTOMOVEL;1391100;FILTRO AR EXTERNO
60054;FIAT STRADA ENDURANCE;AUTOMOVEL;1507941;FILTRO AR CONDICIONADO
60054;FIAT STRADA ENDURANCE;AUTOMOVEL;1546995;FILTRO COMBUSTIVEL
60055;FIAT STRADA ENDURANCE;AUTOMOVEL;895260;FILTRO LUBRIFICANTE
60055;FIAT STRADA ENDURANCE;AUTOMOVEL;1391100;FILTRO AR EXTERNO
60055;FIAT STRADA ENDURANCE;AUTOMOVEL;1507941;FILTRO AR CONDICIONADO
60055;FIAT STRADA ENDURANCE;AUTOMOVEL;1546995;FILTRO COMBUSTIVEL
60056;VW SAVEIRO CD RB MF;AUTOMOVEL;857415;FILTRO AR EXTERNO
60056;VW SAVEIRO CD RB MF;AUTOMOVEL;878777;FILTRO LUBRIFICANTE
60056;VW SAVEIRO CD RB MF;AUTOMOVEL;918313;FILTRO AR CONDICIONADO
60056;VW SAVEIRO CD RB MF;AUTOMOVEL;1546995;FILTRO COMBUSTIVEL
60057;FIAT STRADA FREEDOM;AUTOMOVEL;1507941;FILTRO AR CONDICIONADO
60057;FIAT STRADA FREEDOM;AUTOMOVEL;1546995;FILTRO LUBRIFICANTE
60057;FIAT STRADA FREEDOM;AUTOMOVEL;1622997;FILTRO AR EXTERNO
60057;FIAT STRADA FREEDOM;AUTOMOVEL;1623000;FILTRO COMBUSTIVEL
60058;FIAT STRADA ENDURANCE;AUTOMOVEL;895260;FILTRO LUBRIFICANTE
60058;FIAT STRADA ENDURANCE;AUTOMOVEL;1391100;FILTRO AR EXTERNO
60058;FIAT STRADA ENDURANCE;AUTOMOVEL;1507941;FILTRO AR CONDICIONADO
60058;FIAT STRADA ENDURANCE;AUTOMOVEL;1546995;FILTRO COMBUSTIVEL
60059;VW GOL MPI;AUTOMOVEL;878777;FILTRO LUBRIFICANTE
60059;VW GOL MPI;AUTOMOVEL;918313;FILTRO AR CONDICIONADO
60059;VW GOL MPI;AUTOMOVEL;1546995;FILTRO COMBUSTIVEL
60059;VW GOL MPI;AUTOMOVEL;2068199;FILTRO AR EXTERNO
60060;VW SAVEIRO ROBUST;AUTOMOVEL;857415;FILTRO AR EXTERNO
60060;VW SAVEIRO ROBUST;AUTOMOVEL;878777;FILTRO LUBRIFICANTE
60060;VW SAVEIRO ROBUST;AUTOMOVEL;918313;FILTRO AR CONDICIONADO
60060;VW SAVEIRO ROBUST;AUTOMOVEL;1546995;FILTRO COMBUSTIVEL
60061;FIAT MOBI LIKE;AUTOMOVEL;895260;FILTRO LUBRIFICANTE
60061;FIAT MOBI LIKE;AUTOMOVEL;1391100;FILTRO AR EXTERNO
60061;FIAT MOBI LIKE;AUTOMOVEL;1507941;FILTRO AR CONDICIONADO
60061;FIAT MOBI LIKE;AUTOMOVEL;1546995;FILTRO COMBUSTIVEL
60062;VW GOL L MC4;AUTOMOVEL;878777;FILTRO LUBRIFICANTE
60062;VW GOL L MC4;AUTOMOVEL;918313;FILTRO AR CONDICIONADO
60062;VW GOL L MC4;AUTOMOVEL;1546995;FILTRO COMBUSTIVEL
60062;VW GOL L MC4;AUTOMOVEL;2068199;FILTRO AR EXTERNO
60063;FIAT STRADA ENDURANCE;AUTOMOVEL;895260;FILTRO LUBRIFICANTE
60063;FIAT STRADA ENDURANCE;AUTOMOVEL;1391100;FILTRO AR EXTERNO
60063;FIAT STRADA ENDURANCE;AUTOMOVEL;1507941;FILTRO AR CONDICIONADO
60063;FIAT STRADA ENDURANCE;AUTOMOVEL;1546995;FILTRO COMBUSTIVEL
60064;FIAT STRADA FREEDOM;AUTOMOVEL;1507941;FILTRO AR CONDICIONADO
60064;FIAT STRADA FREEDOM;AUTOMOVEL;1546995;FILTRO LUBRIFICANTE
60064;FIAT STRADA FREEDOM;AUTOMOVEL;1622997;FILTRO AR EXTERNO
60064;FIAT STRADA FREEDOM;AUTOMOVEL;1623000;FILTRO COMBUSTIVEL
60065;FIAT MOBI LIKE;#N/A;895260;FILTRO LUBRIFICANTE
60065;FIAT MOBI LIKE;#N/A;1391100;FILTRO AR EXTERNO
60065;FIAT MOBI LIKE;#N/A;1507941;FILTRO AR CONDICIONADO
60065;FIAT MOBI LIKE;#N/A;1546995;FILTRO COMBUSTIVEL
60066;FIAT STRADA ENDURANCE;AUTOMOVEL;895260;FILTRO LUBRIFICANTE
60066;FIAT STRADA ENDURANCE;AUTOMOVEL;1391100;FILTRO AR EXTERNO
60066;FIAT STRADA ENDURANCE;AUTOMOVEL;1507941;FILTRO AR CONDICIONADO
60066;FIAT STRADA ENDURANCE;AUTOMOVEL;1546995;FILTRO COMBUSTIVEL
60067;FIAT STRADA ENDURANCE;AUTOMOVEL;895260;FILTRO LUBRIFICANTE
60067;FIAT STRADA ENDURANCE;AUTOMOVEL;1391100;FILTRO AR EXTERNO
60067;FIAT STRADA ENDURANCE;AUTOMOVEL;1507941;FILTRO AR CONDICIONADO
60067;FIAT STRADA ENDURANCE;AUTOMOVEL;1546995;FILTRO COMBUSTIVEL
60068;FIAT STRADA ENDURANCE;AUTOMOVEL;895260;FILTRO LUBRIFICANTE
60068;FIAT STRADA ENDURANCE;AUTOMOVEL;1391100;FILTRO AR EXTERNO
60068;FIAT STRADA ENDURANCE;AUTOMOVEL;1507941;FILTRO AR CONDICIONADO
60068;FIAT STRADA ENDURANCE;AUTOMOVEL;1546995;FILTRO COMBUSTIVEL
60069;FIAT STRADA ENDURANCE;AUTOMOVEL;895260;FILTRO LUBRIFICANTE
60069;FIAT STRADA ENDURANCE;AUTOMOVEL;1391100;FILTRO AR EXTERNO
60069;FIAT STRADA ENDURANCE;AUTOMOVEL;1507941;FILTRO AR CONDICIONADO
60069;FIAT STRADA ENDURANCE;AUTOMOVEL;1546995;FILTRO COMBUSTIVEL
60070;FIAT STRADA ENDURANCE;AUTOMOVEL;895260;FILTRO LUBRIFICANTE
60070;FIAT STRADA ENDURANCE;AUTOMOVEL;1391100;FILTRO AR EXTERNO
60070;FIAT STRADA ENDURANCE;AUTOMOVEL;1507941;FILTRO AR CONDICIONADO
60070;FIAT STRADA ENDURANCE;AUTOMOVEL;1546995;FILTRO COMBUSTIVEL
60071;FIAT STRADA ENDURANCE;AUTOMOVEL;895260;FILTRO LUBRIFICANTE
60071;FIAT STRADA ENDURANCE;AUTOMOVEL;1391100;FILTRO AR EXTERNO
60071;FIAT STRADA ENDURANCE;AUTOMOVEL;1507941;FILTRO AR CONDICIONADO
60071;FIAT STRADA ENDURANCE;AUTOMOVEL;1546995;FILTRO COMBUSTIVEL
60072;FIAT STRADA ENDURANCE;AUTOMOVEL;895260;FILTRO LUBRIFICANTE
60072;FIAT STRADA ENDURANCE;AUTOMOVEL;1391100;FILTRO AR EXTERNO
60072;FIAT STRADA ENDURANCE;AUTOMOVEL;1507941;FILTRO AR CONDICIONADO
60072;FIAT STRADA ENDURANCE;AUTOMOVEL;1546995;FILTRO COMBUSTIVEL
60073;FIAT STRADA ENDURANCE;AUTOMOVEL;895260;FILTRO LUBRIFICANTE
60073;FIAT STRADA ENDURANCE;AUTOMOVEL;1391100;FILTRO AR EXTERNO
60073;FIAT STRADA ENDURANCE;AUTOMOVEL;1507941;FILTRO AR CONDICIONADO
60073;FIAT STRADA ENDURANCE;AUTOMOVEL;1546995;FILTRO COMBUSTIVEL
60074;FIAT STRADA ENDURANCE;AUTOMOVEL;895260;FILTRO LUBRIFICANTE
60074;FIAT STRADA ENDURANCE;AUTOMOVEL;1391100;FILTRO AR EXTERNO
60074;FIAT STRADA ENDURANCE;AUTOMOVEL;1507941;FILTRO AR CONDICIONADO
60074;FIAT STRADA ENDURANCE;AUTOMOVEL;1546995;FILTRO COMBUSTIVEL
60075;FIAT STRADA ENDURANCE;AUTOMOVEL;895260;FILTRO LUBRIFICANTE
60075;FIAT STRADA ENDURANCE;AUTOMOVEL;1391100;FILTRO AR EXTERNO
60075;FIAT STRADA ENDURANCE;AUTOMOVEL;1507941;FILTRO AR CONDICIONADO
60075;FIAT STRADA ENDURANCE;AUTOMOVEL;1546995;FILTRO COMBUSTIVEL
60076;FIAT STRADA ENDURANCE;AUTOMOVEL;895260;FILTRO LUBRIFICANTE
60076;FIAT STRADA ENDURANCE;AUTOMOVEL;1391100;FILTRO AR EXTERNO
60076;FIAT STRADA ENDURANCE;AUTOMOVEL;1507941;FILTRO AR CONDICIONADO
60076;FIAT STRADA ENDURANCE;AUTOMOVEL;1546995;FILTRO COMBUSTIVEL
60077;FIAT MOBI TREKKING;AUTOMOVEL;895260;FILTRO LUBRIFICANTE
60077;FIAT MOBI TREKKING;AUTOMOVEL;1391100;FILTRO AR EXTERNO
60077;FIAT MOBI TREKKING;AUTOMOVEL;1507941;FILTRO AR CONDICIONADO
60077;FIAT MOBI TREKKING;AUTOMOVEL;1546995;FILTRO COMBUSTIVEL
60078;FIAT STRADA FREEDOM;AUTOMOVEL;1507941;FILTRO AR CONDICIONADO
60078;FIAT STRADA FREEDOM;AUTOMOVEL;1546995;FILTRO LUBRIFICANTE
60078;FIAT STRADA FREEDOM;AUTOMOVEL;1622997;FILTRO AR EXTERNO
60078;FIAT STRADA FREEDOM;AUTOMOVEL;1623000;FILTRO COMBUSTIVEL
60080;FIAT MOBI LIKE;AUTOMOVEL;895260;FILTRO LUBRIFICANTE
60080;FIAT MOBI LIKE;AUTOMOVEL;1391100;FILTRO AR EXTERNO
60080;FIAT MOBI LIKE;AUTOMOVEL;1507941;FILTRO AR CONDICIONADO
60080;FIAT MOBI LIKE;AUTOMOVEL;1546995;FILTRO COMBUSTIVEL
60081;FIAT MOBI LIKE;AUTOMOVEL;895260;FILTRO LUBRIFICANTE
60081;FIAT MOBI LIKE;AUTOMOVEL;1391100;FILTRO AR EXTERNO
60081;FIAT MOBI LIKE;AUTOMOVEL;1507941;FILTRO AR CONDICIONADO
60081;FIAT MOBI LIKE;AUTOMOVEL;1546995;FILTRO COMBUSTIVEL
60082;FIAT MOBI LIKE;AUTOMOVEL;895260;FILTRO LUBRIFICANTE
60082;FIAT MOBI LIKE;AUTOMOVEL;1391100;FILTRO AR EXTERNO
60082;FIAT MOBI LIKE;AUTOMOVEL;1507941;FILTRO AR CONDICIONADO
60082;FIAT MOBI LIKE;AUTOMOVEL;1546995;FILTRO COMBUSTIVEL
60083;FIAT MOBI LIKE;AUTOMOVEL;895260;FILTRO LUBRIFICANTE
60083;FIAT MOBI LIKE;AUTOMOVEL;1391100;FILTRO AR EXTERNO
60083;FIAT MOBI LIKE;AUTOMOVEL;1507941;FILTRO AR CONDICIONADO
60083;FIAT MOBI LIKE;AUTOMOVEL;1546995;FILTRO COMBUSTIVEL
60084;VW SAVEIRO CS RB MF;AUTOMOVEL;857415;FILTRO AR EXTERNO
60084;VW SAVEIRO CS RB MF;AUTOMOVEL;878777;FILTRO LUBRIFICANTE
60084;VW SAVEIRO CS RB MF;AUTOMOVEL;918313;FILTRO AR CONDICIONADO
60084;VW SAVEIRO CS RB MF;AUTOMOVEL;1546995;FILTRO COMBUSTIVEL
60085;FIAT MOBI LIKE;AUTOMOVEL;895260;FILTRO LUBRIFICANTE
60085;FIAT MOBI LIKE;AUTOMOVEL;1391100;FILTRO AR EXTERNO
60085;FIAT MOBI LIKE;AUTOMOVEL;1507941;FILTRO AR CONDICIONADO
60085;FIAT MOBI LIKE;AUTOMOVEL;1546995;FILTRO COMBUSTIVEL
60086;FIAT MOBI LIKE;AUTOMOVEL;895260;FILTRO LUBRIFICANTE
60086;FIAT MOBI LIKE;AUTOMOVEL;1391100;FILTRO AR EXTERNO
60086;FIAT MOBI LIKE;AUTOMOVEL;1507941;FILTRO AR CONDICIONADO
60086;FIAT MOBI LIKE;AUTOMOVEL;1546995;FILTRO COMBUSTIVEL
60087;FIAT MOBI LIKE;AUTOMOVEL;895260;FILTRO LUBRIFICANTE
60087;FIAT MOBI LIKE;AUTOMOVEL;1391100;FILTRO AR EXTERNO
60087;FIAT MOBI LIKE;AUTOMOVEL;1507941;FILTRO AR CONDICIONADO
60087;FIAT MOBI LIKE;AUTOMOVEL;1546995;FILTRO COMBUSTIVEL
60088;FIAT CRONOS DRIVE;AUTOMOVEL;1507941;FILTRO AR CONDICIONADO
60088;FIAT CRONOS DRIVE;AUTOMOVEL;1546995;FILTRO COMBUSTIVEL
60088;FIAT CRONOS DRIVE;AUTOMOVEL;1622997;FILTRO AR EXTERNO
60088;FIAT CRONOS DRIVE;AUTOMOVEL;1623000;FILTRO LUBRIFICANTE
60089;FIAT STRADA FREEDOM;AUTOMOVEL;1507941;FILTRO AR CONDICIONADO
60089;FIAT STRADA FREEDOM;AUTOMOVEL;1546995;FILTRO LUBRIFICANTE
60089;FIAT STRADA FREEDOM;AUTOMOVEL;1622997;FILTRO AR EXTERNO
60089;FIAT STRADA FREEDOM;AUTOMOVEL;1623000;FILTRO COMBUSTIVEL
60090;FIAT STRADA ENDURANCE;AUTOMOVEL;895260;FILTRO LUBRIFICANTE
60090;FIAT STRADA ENDURANCE;AUTOMOVEL;1391100;FILTRO AR EXTERNO
60090;FIAT STRADA ENDURANCE;AUTOMOVEL;1507941;FILTRO AR CONDICIONADO
60090;FIAT STRADA ENDURANCE;AUTOMOVEL;1546995;FILTRO COMBUSTIVEL
60091;FIAT STRADA ENDURANCE;AUTOMOVEL;895260;FILTRO LUBRIFICANTE
60091;FIAT STRADA ENDURANCE;AUTOMOVEL;1391100;FILTRO AR EXTERNO
60091;FIAT STRADA ENDURANCE;AUTOMOVEL;1507941;FILTRO AR CONDICIONADO
60091;FIAT STRADA ENDURANCE;AUTOMOVEL;1546995;FILTRO COMBUSTIVEL
60092;FIAT STRADA ENDURANCE;AUTOMOVEL;895260;FILTRO LUBRIFICANTE
60092;FIAT STRADA ENDURANCE;AUTOMOVEL;1391100;FILTRO AR EXTERNO
60092;FIAT STRADA ENDURANCE;AUTOMOVEL;1507941;FILTRO AR CONDICIONADO
60092;FIAT STRADA ENDURANCE;AUTOMOVEL;1546995;FILTRO COMBUSTIVEL
60093;FIAT STRADA ENDURANCE;AUTOMOVEL;895260;FILTRO LUBRIFICANTE
60093;FIAT STRADA ENDURANCE;AUTOMOVEL;1391100;FILTRO AR EXTERNO
60093;FIAT STRADA ENDURANCE;AUTOMOVEL;1507941;FILTRO AR CONDICIONADO
60093;FIAT STRADA ENDURANCE;AUTOMOVEL;1546995;FILTRO COMBUSTIVEL
60094;FIAT MOBI LIKE;AUTOMOVEL;895260;FILTRO LUBRIFICANTE
60094;FIAT MOBI LIKE;AUTOMOVEL;1391100;FILTRO AR EXTERNO
60094;FIAT MOBI LIKE;AUTOMOVEL;1507941;FILTRO AR CONDICIONADO
60094;FIAT MOBI LIKE;AUTOMOVEL;1546995;FILTRO COMBUSTIVEL
60095;VW GOL MPI;AUTOMOVEL;878777;FILTRO LUBRIFICANTE
60095;VW GOL MPI;AUTOMOVEL;918313;FILTRO AR CONDICIONADO
60095;VW GOL MPI;AUTOMOVEL;1546995;FILTRO COMBUSTIVEL
60095;VW GOL MPI;AUTOMOVEL;2068199;FILTRO AR EXTERNO
60096;VW GOL MPI;AUTOMOVEL;878777;FILTRO LUBRIFICANTE
60096;VW GOL MPI;AUTOMOVEL;918313;FILTRO AR CONDICIONADO
60096;VW GOL MPI;AUTOMOVEL;1546995;FILTRO COMBUSTIVEL
60096;VW GOL MPI;AUTOMOVEL;2068199;FILTRO AR EXTERNO
60097;FIAT STRADA ENDURANCE;AUTOMOVEL;895260;FILTRO LUBRIFICANTE
60097;FIAT STRADA ENDURANCE;AUTOMOVEL;1391100;FILTRO AR EXTERNO
60097;FIAT STRADA ENDURANCE;AUTOMOVEL;1507941;FILTRO AR CONDICIONADO
60097;FIAT STRADA ENDURANCE;AUTOMOVEL;1546995;FILTRO COMBUSTIVEL
60098;VW GOL MPI;AUTOMOVEL;878777;FILTRO LUBRIFICANTE
60098;VW GOL MPI;AUTOMOVEL;918313;FILTRO AR CONDICIONADO
60098;VW GOL MPI;AUTOMOVEL;1546995;FILTRO COMBUSTIVEL
60098;VW GOL MPI;AUTOMOVEL;2068199;FILTRO AR EXTERNO
60099;VW POLO TRACK MA;AUTOMOVEL;2QB201511;FILTRO COMBUSTIVEL
60099;VW POLO TRACK MA;AUTOMOVEL;04E115561AC;FILTRO LUBRIFICANTE
60099;VW POLO TRACK MA;AUTOMOVEL;04C129620D;FILTRO AR EXTERNO
60099;VW POLO TRACK MA;AUTOMOVEL;2Q0819644;FILTRO AR CONDICIONADO
60102;VW SAVEIRO CS RB MF;AUTOMOVEL;1416698;FILTRO AR EXTERNO
60102;VW SAVEIRO CS RB MF;AUTOMOVEL;878777;FILTRO LUBRIFICANTE
60102;VW SAVEIRO CS RB MF;AUTOMOVEL;918313;FILTRO AR CONDICIONADO
60102;VW SAVEIRO CS RB MF;AUTOMOVEL;1546995;FILTRO COMBUSTIVEL
60103;VW SAVEIRO CS RB MF;AUTOMOVEL;1416698;FILTRO AR EXTERNO
60103;VW SAVEIRO CS RB MF;AUTOMOVEL;878777;FILTRO LUBRIFICANTE
60103;VW SAVEIRO CS RB MF;AUTOMOVEL;918313;FILTRO AR CONDICIONADO
60103;VW SAVEIRO CS RB MF;AUTOMOVEL;1546995;FILTRO COMBUSTIVEL
60104;VW SAVEIRO CS RB MF;AUTOMOVEL;857415;FILTRO AR EXTERNO
60104;VW SAVEIRO CS RB MF;AUTOMOVEL;878777;FILTRO LUBRIFICANTE
60104;VW SAVEIRO CS RB MF;AUTOMOVEL;918313;FILTRO AR CONDICIONADO
60104;VW SAVEIRO CS RB MF;AUTOMOVEL;1546995;FILTRO COMBUSTIVEL
60105;VW SAVEIRO CD RB MF;AUTOMOVEL;857415;FILTRO AR EXTERNO
60105;VW SAVEIRO CD RB MF;AUTOMOVEL;878777;FILTRO LUBRIFICANTE
60105;VW SAVEIRO CD RB MF;AUTOMOVEL;918313;FILTRO AR CONDICIONADO
60105;VW SAVEIRO CD RB MF;AUTOMOVEL;1546995;FILTRO COMBUSTIVEL
60106;VW SAVEIRO CD RB MF;AUTOMOVEL;1416698;FILTRO AR EXTERNO
60106;VW SAVEIRO CD RB MF;AUTOMOVEL;878777;FILTRO LUBRIFICANTE
60106;VW SAVEIRO CD RB MF;AUTOMOVEL;918313;FILTRO AR CONDICIONADO
60106;VW SAVEIRO CD RB MF;AUTOMOVEL;1546995;FILTRO COMBUSTIVEL
60107;VW SAVEIRO CS RB MF;AUTOMOVEL;857415;FILTRO AR EXTERNO
60107;VW SAVEIRO CS RB MF;AUTOMOVEL;878777;FILTRO LUBRIFICANTE
60107;VW SAVEIRO CS RB MF;AUTOMOVEL;918313;FILTRO AR CONDICIONADO
60107;VW SAVEIRO CS RB MF;AUTOMOVEL;1546995;FILTRO COMBUSTIVEL
60108;FIAT MOBI LIKE;AUTOMOVEL;895260;FILTRO LUBRIFICANTE
60108;FIAT MOBI LIKE;AUTOMOVEL;1391100;FILTRO AR EXTERNO
60108;FIAT MOBI LIKE;AUTOMOVEL;1507941;FILTRO AR CONDICIONADO
60108;FIAT MOBI LIKE;AUTOMOVEL;1546995;FILTRO COMBUSTIVEL
60109;FIAT MOBI LIKE;AUTOMOVEL;895260;FILTRO LUBRIFICANTE
60109;FIAT MOBI LIKE;AUTOMOVEL;1391100;FILTRO AR EXTERNO
60109;FIAT MOBI LIKE;AUTOMOVEL;1507941;FILTRO AR CONDICIONADO
60109;FIAT MOBI LIKE;AUTOMOVEL;1546995;FILTRO COMBUSTIVEL
60110;FIAT STRADA FREEDOM;AUTOMOVEL;1507941;FILTRO AR CONDICIONADO
60110;FIAT STRADA FREEDOM;AUTOMOVEL;1546995;FILTRO LUBRIFICANTE
60110;FIAT STRADA FREEDOM;AUTOMOVEL;1622997;FILTRO AR EXTERNO
60110;FIAT STRADA FREEDOM;AUTOMOVEL;1623000;FILTRO COMBUSTIVEL
60201;FIAT STRADA ENDURANCE;AUTOMOVEL;895260;FILTRO LUBRIFICANTE
60201;FIAT STRADA ENDURANCE;AUTOMOVEL;895260;FILTRO LUBRIFICANTE
60201;FIAT STRADA ENDURANCE;AUTOMOVEL;1391100;FILTRO AR EXTERNO
60201;FIAT STRADA ENDURANCE;AUTOMOVEL;1507941;FILTRO AR CONDICIONADO
60250;HONDA NXR 160 BROS;MOTOCICLETA;956028;FILTRO COMBUSTIVEL
60250;HONDA NXR 160 BROS;MOTOCICLETA;1165069;FILTRO AR EXTERNO
60251;HONDA NXR 160 BROS;MOTOCICLETA;956028;FILTRO COMBUSTIVEL
60251;HONDA NXR 160 BROS;MOTOCICLETA;1165069;FILTRO AR EXTERNO
60252;HONDA NXR 160 BROS;MOTOCICLETA;956028;FILTRO COMBUSTIVEL
60252;HONDA NXR 160 BROS;MOTOCICLETA;1165069;FILTRO AR EXTERNO
60253;HONDA NXR 160 BROS;MOTOCICLETA;956028;FILTRO COMBUSTIVEL
60253;HONDA NXR 160 BROS;MOTOCICLETA;1165069;FILTRO AR EXTERNO
60254;HONDA NXR 160 BROS;MOTOCICLETA;956028;FILTRO COMBUSTIVEL
60254;HONDA NXR 160 BROS;MOTOCICLETA;1165069;FILTRO AR EXTERNO
60255;HONDA NXR 160 BROS;MOTOCICLETA;956028;FILTRO COMBUSTIVEL
60255;HONDA NXR 160 BROS;MOTOCICLETA;1165069;FILTRO AR EXTERNO
60256;HONDA NXR 160 BROS;MOTOCICLETA;956028;FILTRO COMBUSTIVEL
60256;HONDA NXR 160 BROS;MOTOCICLETA;1165069;FILTRO AR EXTERNO
60257;HONDA NXR 150 BROS;MOTOCICLETA;956028;FILTRO COMBUSTIVEL
60257;HONDA NXR 150 BROS;MOTOCICLETA;1165069;FILTRO AR EXTERNO
60258;HONDA NXR 160 BROS;MOTOCICLETA;956028;FILTRO COMBUSTIVEL
60258;HONDA NXR 160 BROS;MOTOCICLETA;1165069;FILTRO AR EXTERNO
60259;HONDA NXR 160 BROS;MOTOCICLETA;956028;FILTRO COMBUSTIVEL
60259;HONDA NXR 160 BROS;MOTOCICLETA;1165069;FILTRO AR EXTERNO
60260;HONDA NXR 160 BROS;MOTOCICLETA;956028;FILTRO COMBUSTIVEL
60260;HONDA NXR 160 BROS;MOTOCICLETA;1165069;FILTRO AR EXTERNO
60261;HONDA NXR 160 BROS;MOTOCICLETA;956028;FILTRO COMBUSTIVEL
60261;HONDA NXR 160 BROS;MOTOCICLETA;1165069;FILTRO AR EXTERNO
60262;YAMAHA XTZ CROSSER 150S;MOTOCICLETA;1316734;FILTRO LUBRIFICANTE
60262;YAMAHA XTZ CROSSER 150S;MOTOCICLETA;2275119;FILTRO COMBUSTIVEL
60262;YAMAHA XTZ CROSSER 150S;MOTOCICLETA;2275156;FILTRO AR EXTERNO
60263;YAMAHA XTZ CROSSER 150S;MOTOCICLETA;1316734;FILTRO LUBRIFICANTE
60263;YAMAHA XTZ CROSSER 150S;MOTOCICLETA;2275119;FILTRO COMBUSTIVEL
60263;YAMAHA XTZ CROSSER 150S;MOTOCICLETA;2275156;FILTRO AR EXTERNO
60264;YAMAHA XTZ CROSSER 150S;MOTOCICLETA;1316734;FILTRO LUBRIFICANTE
60264;YAMAHA XTZ CROSSER 150S;MOTOCICLETA;2275119;FILTRO COMBUSTIVEL
60264;YAMAHA XTZ CROSSER 150S;MOTOCICLETA;2275156;FILTRO AR EXTERNO
60265;YAMAHA XTZ CROSSER 150S;MOTOCICLETA;1316734;FILTRO LUBRIFICANTE
60265;YAMAHA XTZ CROSSER 150S;MOTOCICLETA;2275119;FILTRO COMBUSTIVEL
60265;YAMAHA XTZ CROSSER 150S;MOTOCICLETA;2275156;FILTRO AR EXTERNO
60266;YAMAHA XTZ CROSSER 150S;MOTOCICLETA;1316734;FILTRO LUBRIFICANTE
60266;YAMAHA XTZ CROSSER 150S;MOTOCICLETA;2275119;FILTRO COMBUSTIVEL
60266;YAMAHA XTZ CROSSER 150S;MOTOCICLETA;2275156;FILTRO AR EXTERNO
60267;HONDA NXR 160 BROS;MOTOCICLETA;956028;FILTRO COMBUSTIVEL
60267;HONDA NXR 160 BROS;MOTOCICLETA;1165069;FILTRO AR EXTERNO
60268;YAMAHA XTZ CROSSER 150Z;MOTOCICLETA;1316734;FILTRO LUBRIFICANTE
60268;YAMAHA XTZ CROSSER 150Z;MOTOCICLETA;2275119;FILTRO COMBUSTIVEL
60268;YAMAHA XTZ CROSSER 150Z;MOTOCICLETA;2275156;FILTRO AR EXTERNO
60269;YAMAHA XTZ CROSSER 150Z;MOTOCICLETA;1316734;FILTRO LUBRIFICANTE
60269;YAMAHA XTZ CROSSER 150Z;MOTOCICLETA;2275119;FILTRO COMBUSTIVEL
60269;YAMAHA XTZ CROSSER 150Z;MOTOCICLETA;2275156;FILTRO AR EXTERNO
60270;YAMAHA XTZ CROSSER 150Z;MOTOCICLETA;1316734;FILTRO LUBRIFICANTE
60270;YAMAHA XTZ CROSSER 150Z;MOTOCICLETA;2275119;FILTRO COMBUSTIVEL
60270;YAMAHA XTZ CROSSER 150Z;MOTOCICLETA;2275156;FILTRO AR EXTERNO
60271;YAMAHA XTZ CROSSER 150Z;MOTOCICLETA;1316734;FILTRO LUBRIFICANTE
60271;YAMAHA XTZ CROSSER 150Z;MOTOCICLETA;2275119;FILTRO COMBUSTIVEL
60271;YAMAHA XTZ CROSSER 150Z;MOTOCICLETA;2275156;FILTRO AR EXTERNO
60272;YAMAHA XTZ CROSSER 150Z;MOTOCICLETA;1316734;FILTRO LUBRIFICANTE
60272;YAMAHA XTZ CROSSER 150Z;MOTOCICLETA;2275119;FILTRO COMBUSTIVEL
60272;YAMAHA XTZ CROSSER 150Z;MOTOCICLETA;2275156;FILTRO AR EXTERNO
60273;YAMAHA XTZ CROSSER 150Z;MOTOCICLETA;1316734;FILTRO LUBRIFICANTE
60273;YAMAHA XTZ CROSSER 150Z;MOTOCICLETA;2275119;FILTRO COMBUSTIVEL
60273;YAMAHA XTZ CROSSER 150Z;MOTOCICLETA;2275156;FILTRO AR EXTERNO
60400;HONDA TRX 420 - HORIMETRO;QUADRICICLO;1316710;FILTRO AR EXTERNO
60400;HONDA TRX 420 - HORIMETRO;QUADRICICLO;1316734;FILTRO LUBRIFICANTE
60401;HONDA TRX 420 - HORIMETRO;QUADRICICLO;1316710;FILTRO AR EXTERNO
60401;HONDA TRX 420 - HORIMETRO;QUADRICICLO;1316734;FILTRO LUBRIFICANTE
60403;HONDA TRX 420 - HORIMETRO;QUADRICICLO;1316710;FILTRO AR EXTERNO
60403;HONDA TRX 420 - HORIMETRO;QUADRICICLO;1316734;FILTRO LUBRIFICANTE
60500;VOLVO FMX 540;CAMINHAO;1151782;FILTRO LUBRIFICANTE 2°
60500;VOLVO FMX 540;CAMINHAO;1177771;FILTRO LUBRIFICANTE
60500;VOLVO FMX 540;CAMINHAO;1177771;FILTRO LUBRIFICANTE
60500;VOLVO FMX 540;CAMINHAO;1248893;FILTRO COMBUSTIVEL
60500;VOLVO FMX 540;CAMINHAO;1274934;FILTRO DA DIREÇÃO
60500;VOLVO FMX 540;CAMINHAO;1369295;FILTRO AR CONDICIONADO
60500;VOLVO FMX 540;CAMINHAO;1665674;FILTRO ARLA
60500;VOLVO FMX 540;CAMINHAO;1681175;PENEIRA
60500;VOLVO FMX 540;CAMINHAO;2010082;FILTRO SECADOR DE AR
60500;VOLVO FMX 540;CAMINHAO;2120197;FILTRO CAMBIO
60500;VOLVO FMX 540;CAMINHAO;2121130;FILTRO AR EXTERNO
60500;VOLVO FMX 540;CAMINHAO;2129103;FILTRO SEPARADOR
60501;VOLVO FMX 540;CAMINHAO;1151782;FILTRO LUBRIFICANTE 2°
60501;VOLVO FMX 540;CAMINHAO;1177771;FILTRO LUBRIFICANTE
60501;VOLVO FMX 540;CAMINHAO;1177771;FILTRO LUBRIFICANTE
60501;VOLVO FMX 540;CAMINHAO;1248893;FILTRO COMBUSTIVEL
60501;VOLVO FMX 540;CAMINHAO;1274934;FILTRO DA DIREÇÃO
60501;VOLVO FMX 540;CAMINHAO;1369295;FILTRO AR CONDICIONADO
60501;VOLVO FMX 540;CAMINHAO;1665674;FILTRO ARLA
60501;VOLVO FMX 540;CAMINHAO;1681175;PENEIRA
60501;VOLVO FMX 540;CAMINHAO;2010082;FILTRO SECADOR DE AR
60501;VOLVO FMX 540;CAMINHAO;2120197;FILTRO CAMBIO
60501;VOLVO FMX 540;CAMINHAO;2121130;FILTRO AR EXTERNO
60501;VOLVO FMX 540;CAMINHAO;2129103;FILTRO SEPARADOR
60502;VOLVO FMX 540;CAMINHAO;1151782;FILTRO LUBRIFICANTE 2°
60502;VOLVO FMX 540;CAMINHAO;1177771;FILTRO LUBRIFICANTE
60502;VOLVO FMX 540;CAMINHAO;1177771;FILTRO LUBRIFICANTE
60502;VOLVO FMX 540;CAMINHAO;1248893;FILTRO COMBUSTIVEL
60502;VOLVO FMX 540;CAMINHAO;1274934;FILTRO DA DIREÇÃO
60502;VOLVO FMX 540;CAMINHAO;1369295;FILTRO AR CONDICIONADO
60502;VOLVO FMX 540;CAMINHAO;1665674;FILTRO ARLA
60502;VOLVO FMX 540;CAMINHAO;1681175;PENEIRA
60502;VOLVO FMX 540;CAMINHAO;2010082;FILTRO SECADOR DE AR
60502;VOLVO FMX 540;CAMINHAO;2120197;FILTRO CAMBIO
60502;VOLVO FMX 540;CAMINHAO;2121130;FILTRO AR EXTERNO
60502;VOLVO FMX 540;CAMINHAO;2129103;FILTRO SEPARADOR
60503;VOLVO FMX 540;CAMINHAO;1151782;FILTRO LUBRIFICANTE 2°
60503;VOLVO FMX 540;CAMINHAO;1177771;FILTRO LUBRIFICANTE
60503;VOLVO FMX 540;CAMINHAO;1177771;FILTRO LUBRIFICANTE
60503;VOLVO FMX 540;CAMINHAO;1248893;FILTRO COMBUSTIVEL
60503;VOLVO FMX 540;CAMINHAO;1274934;FILTRO DA DIREÇÃO
60503;VOLVO FMX 540;CAMINHAO;1369295;FILTRO AR CONDICIONADO
60503;VOLVO FMX 540;CAMINHAO;1665674;FILTRO ARLA
60503;VOLVO FMX 540;CAMINHAO;1681175;PENEIRA
60503;VOLVO FMX 540;CAMINHAO;2010082;FILTRO SECADOR DE AR
60503;VOLVO FMX 540;CAMINHAO;2120197;FILTRO CAMBIO
60503;VOLVO FMX 540;CAMINHAO;2121130;FILTRO AR EXTERNO
60503;VOLVO FMX 540;CAMINHAO;2129103;FILTRO SEPARADOR
60504;VOLVO FMX 540;CAMINHAO;1151782;FILTRO LUBRIFICANTE 2°
60504;VOLVO FMX 540;CAMINHAO;1177771;FILTRO LUBRIFICANTE
60504;VOLVO FMX 540;CAMINHAO;1177771;FILTRO LUBRIFICANTE
60504;VOLVO FMX 540;CAMINHAO;1248893;FILTRO COMBUSTIVEL
60504;VOLVO FMX 540;CAMINHAO;1274934;FILTRO DA DIREÇÃO
60504;VOLVO FMX 540;CAMINHAO;1369295;FILTRO AR CONDICIONADO
60504;VOLVO FMX 540;CAMINHAO;1665674;FILTRO ARLA
60504;VOLVO FMX 540;CAMINHAO;1681175;PENEIRA
60504;VOLVO FMX 540;CAMINHAO;2010082;FILTRO SECADOR DE AR
60504;VOLVO FMX 540;CAMINHAO;2120197;FILTRO CAMBIO
60504;VOLVO FMX 540;CAMINHAO;2121130;FILTRO AR EXTERNO
60504;VOLVO FMX 540;CAMINHAO;2129103;FILTRO SEPARADOR
60505;VOLVO FMX 540;CAMINHAO;1151782;FILTRO LUBRIFICANTE 2°
60505;VOLVO FMX 540;CAMINHAO;1177771;FILTRO LUBRIFICANTE
60505;VOLVO FMX 540;CAMINHAO;1177771;FILTRO LUBRIFICANTE
60505;VOLVO FMX 540;CAMINHAO;1248893;FILTRO COMBUSTIVEL
60505;VOLVO FMX 540;CAMINHAO;1274934;FILTRO DA DIREÇÃO
60505;VOLVO FMX 540;CAMINHAO;1369295;FILTRO AR CONDICIONADO
60505;VOLVO FMX 540;CAMINHAO;1665674;FILTRO ARLA
60505;VOLVO FMX 540;CAMINHAO;1681175;PENEIRA
60505;VOLVO FMX 540;CAMINHAO;2010082;FILTRO SECADOR DE AR
60505;VOLVO FMX 540;CAMINHAO;2120197;FILTRO CAMBIO
60505;VOLVO FMX 540;CAMINHAO;2121130;FILTRO AR EXTERNO
60505;VOLVO FMX 540;CAMINHAO;2129103;FILTRO SEPARADOR
60506;VOLVO FMX 540;CAMINHAO;1151782;FILTRO LUBRIFICANTE 2°
60506;VOLVO FMX 540;CAMINHAO;1177771;FILTRO LUBRIFICANTE
60506;VOLVO FMX 540;CAMINHAO;1177771;FILTRO LUBRIFICANTE
60506;VOLVO FMX 540;CAMINHAO;1248893;FILTRO COMBUSTIVEL
60506;VOLVO FMX 540;CAMINHAO;1274934;FILTRO DA DIREÇÃO
60506;VOLVO FMX 540;CAMINHAO;1369295;FILTRO AR CONDICIONADO
60506;VOLVO FMX 540;CAMINHAO;1665674;FILTRO ARLA
60506;VOLVO FMX 540;CAMINHAO;1681175;PENEIRA
60506;VOLVO FMX 540;CAMINHAO;2010082;FILTRO SECADOR DE AR
60506;VOLVO FMX 540;CAMINHAO;2120197;FILTRO CAMBIO
60506;VOLVO FMX 540;CAMINHAO;2121130;FILTRO AR EXTERNO
60506;VOLVO FMX 540;CAMINHAO;2129103;FILTRO SEPARADOR
60507;VOLVO FMX 540;CAMINHAO;1151782;FILTRO LUBRIFICANTE 2°
60507;VOLVO FMX 540;CAMINHAO;1177771;FILTRO LUBRIFICANTE
60507;VOLVO FMX 540;CAMINHAO;1177771;FILTRO LUBRIFICANTE
60507;VOLVO FMX 540;CAMINHAO;1248893;FILTRO COMBUSTIVEL
60507;VOLVO FMX 540;CAMINHAO;1274934;FILTRO DA DIREÇÃO
60507;VOLVO FMX 540;CAMINHAO;1369295;FILTRO AR CONDICIONADO
60507;VOLVO FMX 540;CAMINHAO;1665674;FILTRO ARLA
60507;VOLVO FMX 540;CAMINHAO;1681175;PENEIRA
60507;VOLVO FMX 540;CAMINHAO;2010082;FILTRO SECADOR DE AR
60507;VOLVO FMX 540;CAMINHAO;2120197;FILTRO CAMBIO
60507;VOLVO FMX 540;CAMINHAO;2121130;FILTRO AR EXTERNO
60507;VOLVO FMX 540;CAMINHAO;2129103;FILTRO SEPARADOR
60508;VOLVO FMX 540;CAMINHAO;1151782;FILTRO LUBRIFICANTE 2°
60508;VOLVO FMX 540;CAMINHAO;1177771;FILTRO LUBRIFICANTE
60508;VOLVO FMX 540;CAMINHAO;1177771;FILTRO LUBRIFICANTE
60508;VOLVO FMX 540;CAMINHAO;1248893;FILTRO COMBUSTIVEL
60508;VOLVO FMX 540;CAMINHAO;1274934;FILTRO DA DIREÇÃO
60508;VOLVO FMX 540;CAMINHAO;1369295;FILTRO AR CONDICIONADO
60508;VOLVO FMX 540;CAMINHAO;1665674;FILTRO ARLA
60508;VOLVO FMX 540;CAMINHAO;1681175;PENEIRA
60508;VOLVO FMX 540;CAMINHAO;2010082;FILTRO SECADOR DE AR
60508;VOLVO FMX 540;CAMINHAO;2120197;FILTRO CAMBIO
60508;VOLVO FMX 540;CAMINHAO;2121130;FILTRO AR EXTERNO
60508;VOLVO FMX 540;CAMINHAO;2129103;FILTRO SEPARADOR
60509;VOLVO FMX 540;CAMINHAO;1151782;FILTRO LUBRIFICANTE 2°
60509;VOLVO FMX 540;CAMINHAO;1177771;FILTRO LUBRIFICANTE
60509;VOLVO FMX 540;CAMINHAO;1177771;FILTRO LUBRIFICANTE
60509;VOLVO FMX 540;CAMINHAO;1248893;FILTRO COMBUSTIVEL
60509;VOLVO FMX 540;CAMINHAO;1274934;FILTRO DA DIREÇÃO
60509;VOLVO FMX 540;CAMINHAO;1369295;FILTRO AR CONDICIONADO
60509;VOLVO FMX 540;CAMINHAO;1665674;FILTRO ARLA
60509;VOLVO FMX 540;CAMINHAO;1681175;PENEIRA
60509;VOLVO FMX 540;CAMINHAO;2010082;FILTRO SECADOR DE AR
60509;VOLVO FMX 540;CAMINHAO;2120197;FILTRO CAMBIO
60509;VOLVO FMX 540;CAMINHAO;2121130;FILTRO AR EXTERNO
60509;VOLVO FMX 540;CAMINHAO;2129103;FILTRO SEPARADOR
60510;VOLVO FMX 540;CAMINHAO;1151782;FILTRO LUBRIFICANTE 2°
60510;VOLVO FMX 540;CAMINHAO;1177771;FILTRO LUBRIFICANTE
60510;VOLVO FMX 540;CAMINHAO;1177771;FILTRO LUBRIFICANTE
60510;VOLVO FMX 540;CAMINHAO;1248893;FILTRO COMBUSTIVEL
60510;VOLVO FMX 540;CAMINHAO;1274934;FILTRO DA DIREÇÃO
60510;VOLVO FMX 540;CAMINHAO;1369295;FILTRO AR CONDICIONADO
60510;VOLVO FMX 540;CAMINHAO;1665674;FILTRO ARLA
60510;VOLVO FMX 540;CAMINHAO;1681175;PENEIRA
60510;VOLVO FMX 540;CAMINHAO;2010082;FILTRO SECADOR DE AR
60510;VOLVO FMX 540;CAMINHAO;2120197;FILTRO CAMBIO
60510;VOLVO FMX 540;CAMINHAO;2121130;FILTRO AR EXTERNO
60510;VOLVO FMX 540;CAMINHAO;2129103;FILTRO SEPARADOR
60511;VOLVO FMX 540;CAMINHAO;1151782;FILTRO LUBRIFICANTE 2°
60511;VOLVO FMX 540;CAMINHAO;1177771;FILTRO LUBRIFICANTE
60511;VOLVO FMX 540;CAMINHAO;1177771;FILTRO LUBRIFICANTE
60511;VOLVO FMX 540;CAMINHAO;1248893;FILTRO COMBUSTIVEL
60511;VOLVO FMX 540;CAMINHAO;1274934;FILTRO DA DIREÇÃO
60511;VOLVO FMX 540;CAMINHAO;1369295;FILTRO AR CONDICIONADO
60511;VOLVO FMX 540;CAMINHAO;1665674;FILTRO ARLA
60511;VOLVO FMX 540;CAMINHAO;1681175;PENEIRA
60511;VOLVO FMX 540;CAMINHAO;2010082;FILTRO SECADOR DE AR
60511;VOLVO FMX 540;CAMINHAO;2120197;FILTRO CAMBIO
60511;VOLVO FMX 540;CAMINHAO;2121130;FILTRO AR EXTERNO
60511;VOLVO FMX 540;CAMINHAO;2129103;FILTRO SEPARADOR
60512;VOLVO FMX 540;CAMINHAO;1151782;FILTRO LUBRIFICANTE 2°
60512;VOLVO FMX 540;CAMINHAO;1177771;FILTRO LUBRIFICANTE
60512;VOLVO FMX 540;CAMINHAO;1177771;FILTRO LUBRIFICANTE
60512;VOLVO FMX 540;CAMINHAO;1248893;FILTRO COMBUSTIVEL
60512;VOLVO FMX 540;CAMINHAO;1274934;FILTRO DA DIREÇÃO
60512;VOLVO FMX 540;CAMINHAO;1369295;FILTRO AR CONDICIONADO
60512;VOLVO FMX 540;CAMINHAO;1665674;FILTRO ARLA
60512;VOLVO FMX 540;CAMINHAO;1681175;PENEIRA
60512;VOLVO FMX 540;CAMINHAO;2010082;FILTRO SECADOR DE AR
60512;VOLVO FMX 540;CAMINHAO;2120197;FILTRO CAMBIO
60512;VOLVO FMX 540;CAMINHAO;2121130;FILTRO AR EXTERNO
60512;VOLVO FMX 540;CAMINHAO;2129103;FILTRO SEPARADOR
60513;VOLVO FMX 540;CAMINHAO;1151782;FILTRO LUBRIFICANTE 2°
60513;VOLVO FMX 540;CAMINHAO;1177771;FILTRO LUBRIFICANTE
60513;VOLVO FMX 540;CAMINHAO;1177771;FILTRO LUBRIFICANTE
60513;VOLVO FMX 540;CAMINHAO;1248893;FILTRO COMBUSTIVEL
60513;VOLVO FMX 540;CAMINHAO;1274934;FILTRO DA DIREÇÃO
60513;VOLVO FMX 540;CAMINHAO;1369295;FILTRO AR CONDICIONADO
60513;VOLVO FMX 540;CAMINHAO;1665674;FILTRO ARLA
60513;VOLVO FMX 540;CAMINHAO;1681175;PENEIRA
60513;VOLVO FMX 540;CAMINHAO;2010082;FILTRO SECADOR DE AR
60513;VOLVO FMX 540;CAMINHAO;2120197;FILTRO CAMBIO
60513;VOLVO FMX 540;CAMINHAO;2121130;FILTRO AR EXTERNO
60513;VOLVO FMX 540;CAMINHAO;2129103;FILTRO SEPARADOR
60514;VOLVO FMX 540;CAMINHAO;1151782;FILTRO LUBRIFICANTE 2°
60514;VOLVO FMX 540;CAMINHAO;1177771;FILTRO LUBRIFICANTE
60514;VOLVO FMX 540;CAMINHAO;1177771;FILTRO LUBRIFICANTE
60514;VOLVO FMX 540;CAMINHAO;1248893;FILTRO COMBUSTIVEL
60514;VOLVO FMX 540;CAMINHAO;1274934;FILTRO DA DIREÇÃO
60514;VOLVO FMX 540;CAMINHAO;1369295;FILTRO AR CONDICIONADO
60514;VOLVO FMX 540;CAMINHAO;1665674;FILTRO ARLA
60514;VOLVO FMX 540;CAMINHAO;1681175;PENEIRA
60514;VOLVO FMX 540;CAMINHAO;2010082;FILTRO SECADOR DE AR
60514;VOLVO FMX 540;CAMINHAO;2120197;FILTRO CAMBIO
60514;VOLVO FMX 540;CAMINHAO;2121130;FILTRO AR EXTERNO
60514;VOLVO FMX 540;CAMINHAO;2129103;FILTRO SEPARADOR
60515;VOLVO FMX 540;CAMINHAO;1151782;FILTRO LUBRIFICANTE 2°
60515;VOLVO FMX 540;CAMINHAO;1177771;FILTRO LUBRIFICANTE
60515;VOLVO FMX 540;CAMINHAO;1177771;FILTRO LUBRIFICANTE
60515;VOLVO FMX 540;CAMINHAO;1248893;FILTRO COMBUSTIVEL
60515;VOLVO FMX 540;CAMINHAO;1274934;FILTRO DA DIREÇÃO
60515;VOLVO FMX 540;CAMINHAO;1369295;FILTRO AR CONDICIONADO
60515;VOLVO FMX 540;CAMINHAO;1665674;FILTRO ARLA
60515;VOLVO FMX 540;CAMINHAO;1681175;PENEIRA
60515;VOLVO FMX 540;CAMINHAO;2010082;FILTRO SECADOR DE AR
60515;VOLVO FMX 540;CAMINHAO;2120197;FILTRO CAMBIO
60515;VOLVO FMX 540;CAMINHAO;2121130;FILTRO AR EXTERNO
60515;VOLVO FMX 540;CAMINHAO;2129103;FILTRO SEPARADOR
60516;VOLVO FMX 540;CAMINHAO;1151782;FILTRO LUBRIFICANTE 2°
60516;VOLVO FMX 540;CAMINHAO;1177771;FILTRO LUBRIFICANTE
60516;VOLVO FMX 540;CAMINHAO;1177771;FILTRO LUBRIFICANTE
60516;VOLVO FMX 540;CAMINHAO;1248893;FILTRO COMBUSTIVEL
60516;VOLVO FMX 540;CAMINHAO;1274934;FILTRO DA DIREÇÃO
60516;VOLVO FMX 540;CAMINHAO;1369295;FILTRO AR CONDICIONADO
60516;VOLVO FMX 540;CAMINHAO;1665674;FILTRO ARLA
60516;VOLVO FMX 540;CAMINHAO;1681175;PENEIRA
60516;VOLVO FMX 540;CAMINHAO;2010082;FILTRO SECADOR DE AR
60516;VOLVO FMX 540;CAMINHAO;2120197;FILTRO CAMBIO
60516;VOLVO FMX 540;CAMINHAO;2121130;FILTRO AR EXTERNO
60516;VOLVO FMX 540;CAMINHAO;2129103;FILTRO SEPARADOR
60517;VOLVO FMX 540;CAMINHAO;1151782;FILTRO LUBRIFICANTE 2°
60517;VOLVO FMX 540;CAMINHAO;1177771;FILTRO LUBRIFICANTE
60517;VOLVO FMX 540;CAMINHAO;1177771;FILTRO LUBRIFICANTE
60517;VOLVO FMX 540;CAMINHAO;1248893;FILTRO COMBUSTIVEL
60517;VOLVO FMX 540;CAMINHAO;1274934;FILTRO DA DIREÇÃO
60517;VOLVO FMX 540;CAMINHAO;1369295;FILTRO AR CONDICIONADO
60517;VOLVO FMX 540;CAMINHAO;1665674;FILTRO ARLA
60517;VOLVO FMX 540;CAMINHAO;1681175;PENEIRA
60517;VOLVO FMX 540;CAMINHAO;2010082;FILTRO SECADOR DE AR
60517;VOLVO FMX 540;CAMINHAO;2120197;FILTRO CAMBIO
60517;VOLVO FMX 540;CAMINHAO;2121130;FILTRO AR EXTERNO
60517;VOLVO FMX 540;CAMINHAO;2129103;FILTRO SEPARADOR
60518;VOLVO FMX 540;CAMINHAO;1151782;FILTRO LUBRIFICANTE 2°
60518;VOLVO FMX 540;CAMINHAO;1177771;FILTRO LUBRIFICANTE
60518;VOLVO FMX 540;CAMINHAO;1177771;FILTRO LUBRIFICANTE
60518;VOLVO FMX 540;CAMINHAO;1248893;FILTRO COMBUSTIVEL
60518;VOLVO FMX 540;CAMINHAO;1274934;FILTRO DA DIREÇÃO
60518;VOLVO FMX 540;CAMINHAO;1369295;FILTRO AR CONDICIONADO
60518;VOLVO FMX 540;CAMINHAO;1665674;FILTRO ARLA
60518;VOLVO FMX 540;CAMINHAO;1681175;PENEIRA
60518;VOLVO FMX 540;CAMINHAO;2010082;FILTRO SECADOR DE AR
60518;VOLVO FMX 540;CAMINHAO;2120197;FILTRO CAMBIO
60518;VOLVO FMX 540;CAMINHAO;2121130;FILTRO AR EXTERNO
60518;VOLVO FMX 540;CAMINHAO;2129103;FILTRO SEPARADOR
60519;VOLVO FMX 540;CAMINHAO;1151782;FILTRO LUBRIFICANTE 2°
60519;VOLVO FMX 540;CAMINHAO;1177771;FILTRO LUBRIFICANTE
60519;VOLVO FMX 540;CAMINHAO;1177771;FILTRO LUBRIFICANTE
60519;VOLVO FMX 540;CAMINHAO;1248893;FILTRO COMBUSTIVEL
60519;VOLVO FMX 540;CAMINHAO;1274934;FILTRO DA DIREÇÃO
60519;VOLVO FMX 540;CAMINHAO;1369295;FILTRO AR CONDICIONADO
60519;VOLVO FMX 540;CAMINHAO;1665674;FILTRO ARLA
60519;VOLVO FMX 540;CAMINHAO;1681175;PENEIRA
60519;VOLVO FMX 540;CAMINHAO;2010082;FILTRO SECADOR DE AR
60519;VOLVO FMX 540;CAMINHAO;2120197;FILTRO CAMBIO
60519;VOLVO FMX 540;CAMINHAO;2121130;FILTRO AR EXTERNO
60519;VOLVO FMX 540;CAMINHAO;2129103;FILTRO SEPARADOR
60520;VOLVO FMX 540;CAMINHAO;1151782;FILTRO LUBRIFICANTE 2°
60520;VOLVO FMX 540;CAMINHAO;1177771;FILTRO LUBRIFICANTE
60520;VOLVO FMX 540;CAMINHAO;1177771;FILTRO LUBRIFICANTE
60520;VOLVO FMX 540;CAMINHAO;1248893;FILTRO COMBUSTIVEL
60520;VOLVO FMX 540;CAMINHAO;1274934;FILTRO DA DIREÇÃO
60520;VOLVO FMX 540;CAMINHAO;1369295;FILTRO AR CONDICIONADO
60520;VOLVO FMX 540;CAMINHAO;1665674;FILTRO ARLA
60520;VOLVO FMX 540;CAMINHAO;1681175;PENEIRA
60520;VOLVO FMX 540;CAMINHAO;2010082;FILTRO SECADOR DE AR
60520;VOLVO FMX 540;CAMINHAO;2120197;FILTRO CAMBIO
60520;VOLVO FMX 540;CAMINHAO;2121130;FILTRO AR EXTERNO
60520;VOLVO FMX 540;CAMINHAO;2129103;FILTRO SEPARADOR
60521;VOLVO FMX 540;CAMINHAO;1151782;FILTRO LUBRIFICANTE 2°
60521;VOLVO FMX 540;CAMINHAO;1177771;FILTRO LUBRIFICANTE
60521;VOLVO FMX 540;CAMINHAO;1177771;FILTRO LUBRIFICANTE
60521;VOLVO FMX 540;CAMINHAO;1248893;FILTRO COMBUSTIVEL
60521;VOLVO FMX 540;CAMINHAO;1274934;FILTRO DA DIREÇÃO
60521;VOLVO FMX 540;CAMINHAO;1369295;FILTRO AR CONDICIONADO
60521;VOLVO FMX 540;CAMINHAO;1665674;FILTRO ARLA
60521;VOLVO FMX 540;CAMINHAO;1681175;PENEIRA
60521;VOLVO FMX 540;CAMINHAO;2010082;FILTRO SECADOR DE AR
60521;VOLVO FMX 540;CAMINHAO;2120197;FILTRO CAMBIO
60521;VOLVO FMX 540;CAMINHAO;2495892;FILTRO AR INTERNO
60521;VOLVO FMX 540;CAMINHAO;2121130;FILTRO AR EXTERNO
60521;VOLVO FMX 540;CAMINHAO;2129103;FILTRO SEPARADOR
60522;VOLVO FH 540;CAMINHAO;1037985;FILTRO AR EXTERNO
60522;VOLVO FH 540;CAMINHAO;2129103;FILTRO SEPARADOR
60522;VOLVO FH 540;CAMINHAO;1151782;FILTRO LUBRIFICANTE 2°
60522;VOLVO FH 540;CAMINHAO;1158429;FILTRO DA DIREÇÃO
60522;VOLVO FH 540;CAMINHAO;1177771;FILTRO LUBRIFICANTE
60522;VOLVO FH 540;CAMINHAO;1177771;FILTRO LUBRIFICANTE
60522;VOLVO FH 540;CAMINHAO;1248893;FILTRO COMBUSTIVEL
60522;VOLVO FH 540;CAMINHAO;1665674;FILTRO ARLA
60522;VOLVO FH 540;CAMINHAO;1681175;PENEIRA
60522;VOLVO FH 540;CAMINHAO;2010082;FILTRO SECADOR DE AR
60522;VOLVO FH 540;CAMINHAO;2435378;FILTRO AR CONDICIONADO 2°
60522;VOLVO FH 540;CAMINHAO;2444057;FILTRO AR CONDICIONADO
60523;VOLVO FH 540;CAMINHAO;1037985;FILTRO AR EXTERNO
60523;VOLVO FH 540;CAMINHAO;2129103;FILTRO SEPARADOR
60523;VOLVO FH 540;CAMINHAO;1151782;FILTRO LUBRIFICANTE 2°
60523;VOLVO FH 540;CAMINHAO;1158429;FILTRO DA DIREÇÃO
60523;VOLVO FH 540;CAMINHAO;1177771;FILTRO LUBRIFICANTE
60523;VOLVO FH 540;CAMINHAO;1177771;FILTRO LUBRIFICANTE
60523;VOLVO FH 540;CAMINHAO;1248893;FILTRO COMBUSTIVEL
60523;VOLVO FH 540;CAMINHAO;1665674;FILTRO ARLA
60523;VOLVO FH 540;CAMINHAO;1681175;PENEIRA
60523;VOLVO FH 540;CAMINHAO;2010082;FILTRO SECADOR DE AR
60523;VOLVO FH 540;CAMINHAO;2435378;FILTRO AR CONDICIONADO 2°
60523;VOLVO FH 540;CAMINHAO;2444057;FILTRO AR CONDICIONADO
60524;VOLVO FM 540;CAMINHAO;1151782;FILTRO LUBRIFICANTE 2°
60524;VOLVO FM 540;CAMINHAO;1158429;FILTRO DA DIREÇÃO
60524;VOLVO FM 540;CAMINHAO;1177771;FILTRO LUBRIFICANTE
60524;VOLVO FM 540;CAMINHAO;1177771;FILTRO LUBRIFICANTE
60524;VOLVO FM 540;CAMINHAO;1248893;FILTRO COMBUSTIVEL
60524;VOLVO FM 540;CAMINHAO;1369295;FILTRO AR CONDICIONADO
60524;VOLVO FM 540;CAMINHAO;1665674;FILTRO ARLA
60524;VOLVO FM 540;CAMINHAO;1681175;PENEIRA
60524;VOLVO FM 540;CAMINHAO;2010082;FILTRO SECADOR DE AR
60524;VOLVO FM 540;CAMINHAO;2121130;FILTRO AR EXTERNO
60524;VOLVO FM 540;CAMINHAO;2129103;FILTRO SEPARADOR
60524;VOLVO FM 540;CAMINHAO;2495892;FILTRO AR INTERNO
60525;VOLVO FH 540;CAMINHAO;1037985;FILTRO AR EXTERNO
60525;VOLVO FH 540;CAMINHAO;2129103;FILTRO SEPARADOR
60525;VOLVO FH 540;CAMINHAO;1151782;FILTRO LUBRIFICANTE 2°
60525;VOLVO FH 540;CAMINHAO;1158429;FILTRO DA DIREÇÃO
60525;VOLVO FH 540;CAMINHAO;1177771;FILTRO LUBRIFICANTE
60525;VOLVO FH 540;CAMINHAO;1177771;FILTRO LUBRIFICANTE
60525;VOLVO FH 540;CAMINHAO;1248893;FILTRO COMBUSTIVEL
60525;VOLVO FH 540;CAMINHAO;1665674;FILTRO ARLA
60525;VOLVO FH 540;CAMINHAO;1681175;PENEIRA
60525;VOLVO FH 540;CAMINHAO;2010082;FILTRO SECADOR DE AR
60525;VOLVO FH 540;CAMINHAO;2435378;FILTRO AR CONDICIONADO 2°
60525;VOLVO FH 540;CAMINHAO;2444057;FILTRO AR CONDICIONADO
60526;VOLVO FH 540;CAMINHAO;1037985;FILTRO AR EXTERNO
60526;VOLVO FH 540;CAMINHAO;2129103;FILTRO SEPARADOR
60526;VOLVO FH 540;CAMINHAO;1151782;FILTRO LUBRIFICANTE 2°
60526;VOLVO FH 540;CAMINHAO;1158429;FILTRO DA DIREÇÃO
60526;VOLVO FH 540;CAMINHAO;1177771;FILTRO LUBRIFICANTE
60526;VOLVO FH 540;CAMINHAO;1177771;FILTRO LUBRIFICANTE
60526;VOLVO FH 540;CAMINHAO;1248893;FILTRO COMBUSTIVEL
60526;VOLVO FH 540;CAMINHAO;1665674;FILTRO ARLA
60526;VOLVO FH 540;CAMINHAO;1681175;PENEIRA
60526;VOLVO FH 540;CAMINHAO;2010082;FILTRO SECADOR DE AR
60526;VOLVO FH 540;CAMINHAO;2435378;FILTRO AR CONDICIONADO 2°
60526;VOLVO FH 540;CAMINHAO;2444057;FILTRO AR CONDICIONADO
60527;VOLVO FM 540;CAMINHAO;1151782;FILTRO LUBRIFICANTE 2°
60527;VOLVO FM 540;CAMINHAO;1158429;FILTRO DA DIREÇÃO
60527;VOLVO FM 540;CAMINHAO;1177771;FILTRO LUBRIFICANTE
60527;VOLVO FM 540;CAMINHAO;1177771;FILTRO LUBRIFICANTE
60527;VOLVO FM 540;CAMINHAO;1248893;FILTRO COMBUSTIVEL
60527;VOLVO FM 540;CAMINHAO;1369295;FILTRO AR CONDICIONADO
60527;VOLVO FM 540;CAMINHAO;1665674;FILTRO ARLA
60527;VOLVO FM 540;CAMINHAO;1681175;PENEIRA
60527;VOLVO FM 540;CAMINHAO;2010082;FILTRO SECADOR DE AR
60527;VOLVO FM 540;CAMINHAO;2121130;FILTRO AR EXTERNO
60527;VOLVO FM 540;CAMINHAO;2129103;FILTRO SEPARADOR
60527;VOLVO FM 540;CAMINHAO;2495892;FILTRO AR INTERNO
60528;VOLVO FM 540;CAMINHAO;1151782;FILTRO LUBRIFICANTE 2°
60528;VOLVO FM 540;CAMINHAO;1158429;FILTRO DA DIREÇÃO
60528;VOLVO FM 540;CAMINHAO;1177771;FILTRO LUBRIFICANTE
60528;VOLVO FM 540;CAMINHAO;1177771;FILTRO LUBRIFICANTE
60528;VOLVO FM 540;CAMINHAO;1248893;FILTRO COMBUSTIVEL
60528;VOLVO FM 540;CAMINHAO;1369295;FILTRO AR CONDICIONADO
60528;VOLVO FM 540;CAMINHAO;1665674;FILTRO ARLA
60528;VOLVO FM 540;CAMINHAO;1681175;PENEIRA
60528;VOLVO FM 540;CAMINHAO;2010082;FILTRO SECADOR DE AR
60528;VOLVO FM 540;CAMINHAO;2121130;FILTRO AR EXTERNO
60528;VOLVO FM 540;CAMINHAO;2129103;FILTRO SEPARADOR
60528;VOLVO FM 540;CAMINHAO;2495892;FILTRO AR INTERNO
60529;VOLVO FM 540;CAMINHAO;1151782;FILTRO LUBRIFICANTE 2°
60529;VOLVO FM 540;CAMINHAO;1158429;FILTRO DA DIREÇÃO
60529;VOLVO FM 540;CAMINHAO;1177771;FILTRO LUBRIFICANTE
60529;VOLVO FM 540;CAMINHAO;1177771;FILTRO LUBRIFICANTE
60529;VOLVO FM 540;CAMINHAO;1248893;FILTRO COMBUSTIVEL
60529;VOLVO FM 540;CAMINHAO;1369295;FILTRO AR CONDICIONADO
60529;VOLVO FM 540;CAMINHAO;1665674;FILTRO ARLA
60529;VOLVO FM 540;CAMINHAO;1681175;PENEIRA
60529;VOLVO FM 540;CAMINHAO;2010082;FILTRO SECADOR DE AR
60529;VOLVO FM 540;CAMINHAO;2121130;FILTRO AR EXTERNO
60529;VOLVO FM 540;CAMINHAO;2129103;FILTRO SEPARADOR
60529;VOLVO FM 540;CAMINHAO;2495892;FILTRO AR INTERNO
60530;VOLVO FM 540;CAMINHAO;1151782;FILTRO LUBRIFICANTE 2°
60530;VOLVO FM 540;CAMINHAO;1158429;FILTRO DA DIREÇÃO
60530;VOLVO FM 540;CAMINHAO;1177771;FILTRO LUBRIFICANTE
60530;VOLVO FM 540;CAMINHAO;1177771;FILTRO LUBRIFICANTE
60530;VOLVO FM 540;CAMINHAO;1248893;FILTRO COMBUSTIVEL
60530;VOLVO FM 540;CAMINHAO;1369295;FILTRO AR CONDICIONADO
60530;VOLVO FM 540;CAMINHAO;1665674;FILTRO ARLA
60530;VOLVO FM 540;CAMINHAO;1681175;PENEIRA
60530;VOLVO FM 540;CAMINHAO;2010082;FILTRO SECADOR DE AR
60530;VOLVO FM 540;CAMINHAO;2121130;FILTRO AR EXTERNO
60530;VOLVO FM 540;CAMINHAO;2129103;FILTRO SEPARADOR
60530;VOLVO FM 540;CAMINHAO;2495892;FILTRO AR INTERNO
60531;VOLVO FM 540;CAMINHAO;1151782;FILTRO LUBRIFICANTE 2°
60531;VOLVO FM 540;CAMINHAO;1158429;FILTRO DA DIREÇÃO
60531;VOLVO FM 540;CAMINHAO;1177771;FILTRO LUBRIFICANTE
60531;VOLVO FM 540;CAMINHAO;1177771;FILTRO LUBRIFICANTE
60531;VOLVO FM 540;CAMINHAO;1248893;FILTRO COMBUSTIVEL
60531;VOLVO FM 540;CAMINHAO;1369295;FILTRO AR CONDICIONADO
60531;VOLVO FM 540;CAMINHAO;1665674;FILTRO ARLA
60531;VOLVO FM 540;CAMINHAO;1681175;PENEIRA
60531;VOLVO FM 540;CAMINHAO;2010082;FILTRO SECADOR DE AR
60531;VOLVO FM 540;CAMINHAO;2121130;FILTRO AR EXTERNO
60531;VOLVO FM 540;CAMINHAO;2129103;FILTRO SEPARADOR
60531;VOLVO FM 540;CAMINHAO;2495892;FILTRO AR INTERNO
60532;VOLVO FH 540;CAMINHAO;1037985;FILTRO AR EXTERNO
60532;VOLVO FH 540;CAMINHAO;2129103;FILTRO SEPARADOR
60532;VOLVO FH 540;CAMINHAO;1151782;FILTRO LUBRIFICANTE 2°
60532;VOLVO FH 540;CAMINHAO;1158429;FILTRO DA DIREÇÃO
60532;VOLVO FH 540;CAMINHAO;1177771;FILTRO LUBRIFICANTE
60532;VOLVO FH 540;CAMINHAO;1177771;FILTRO LUBRIFICANTE
60532;VOLVO FH 540;CAMINHAO;1248893;FILTRO COMBUSTIVEL
60532;VOLVO FH 540;CAMINHAO;1665674;FILTRO ARLA
60532;VOLVO FH 540;CAMINHAO;1681175;PENEIRA
60532;VOLVO FH 540;CAMINHAO;2010082;FILTRO SECADOR DE AR
60532;VOLVO FH 540;CAMINHAO;2435378;FILTRO AR CONDICIONADO 2°
60532;VOLVO FH 540;CAMINHAO;2444057;FILTRO AR CONDICIONADO
60533;VOLVO FM 540;CAMINHAO;1151782;FILTRO LUBRIFICANTE 2°
60533;VOLVO FM 540;CAMINHAO;1158429;FILTRO DA DIREÇÃO
60533;VOLVO FM 540;CAMINHAO;1177771;FILTRO LUBRIFICANTE
60533;VOLVO FM 540;CAMINHAO;1177771;FILTRO LUBRIFICANTE
60533;VOLVO FM 540;CAMINHAO;1248893;FILTRO COMBUSTIVEL
60533;VOLVO FM 540;CAMINHAO;1369295;FILTRO AR CONDICIONADO
60533;VOLVO FM 540;CAMINHAO;1665674;FILTRO ARLA
60533;VOLVO FM 540;CAMINHAO;1681175;PENEIRA
60533;VOLVO FM 540;CAMINHAO;2010082;FILTRO SECADOR DE AR
60533;VOLVO FM 540;CAMINHAO;2121130;FILTRO AR EXTERNO
60533;VOLVO FM 540;CAMINHAO;2129103;FILTRO SEPARADOR
60533;VOLVO FM 540;CAMINHAO;2495892;FILTRO AR INTERNO
60534;VOLVO FM 540;CAMINHAO;1151782;FILTRO LUBRIFICANTE 2°
60534;VOLVO FM 540;CAMINHAO;1158429;FILTRO DA DIREÇÃO
60534;VOLVO FM 540;CAMINHAO;1177771;FILTRO LUBRIFICANTE
60534;VOLVO FM 540;CAMINHAO;1177771;FILTRO LUBRIFICANTE
60534;VOLVO FM 540;CAMINHAO;1248893;FILTRO COMBUSTIVEL
60534;VOLVO FM 540;CAMINHAO;1369295;FILTRO AR CONDICIONADO
60534;VOLVO FM 540;CAMINHAO;1665674;FILTRO ARLA
60534;VOLVO FM 540;CAMINHAO;1681175;PENEIRA
60534;VOLVO FM 540;CAMINHAO;2010082;FILTRO SECADOR DE AR
60534;VOLVO FM 540;CAMINHAO;2121130;FILTRO AR EXTERNO
60534;VOLVO FM 540;CAMINHAO;2129103;FILTRO SEPARADOR
60534;VOLVO FM 540;CAMINHAO;2495892;FILTRO AR INTERNO
60535;VOLVO FM 540;CAMINHAO;1151782;FILTRO LUBRIFICANTE 2°
60535;VOLVO FM 540;CAMINHAO;1158429;FILTRO DA DIREÇÃO
60535;VOLVO FM 540;CAMINHAO;1177771;FILTRO LUBRIFICANTE
60535;VOLVO FM 540;CAMINHAO;1177771;FILTRO LUBRIFICANTE
60535;VOLVO FM 540;CAMINHAO;1248893;FILTRO COMBUSTIVEL
60535;VOLVO FM 540;CAMINHAO;1369295;FILTRO AR CONDICIONADO
60535;VOLVO FM 540;CAMINHAO;1665674;FILTRO ARLA
60535;VOLVO FM 540;CAMINHAO;1681175;PENEIRA
60535;VOLVO FM 540;CAMINHAO;2010082;FILTRO SECADOR DE AR
60535;VOLVO FM 540;CAMINHAO;2121130;FILTRO AR EXTERNO
60535;VOLVO FM 540;CAMINHAO;2129103;FILTRO SEPARADOR
60535;VOLVO FM 540;CAMINHAO;2495892;FILTRO AR INTERNO
60536;VOLVO FH 540;CAMINHAO;1037985;FILTRO AR EXTERNO
60536;VOLVO FH 540;CAMINHAO;2129103;FILTRO SEPARADOR
60536;VOLVO FH 540;CAMINHAO;1151782;FILTRO LUBRIFICANTE 2°
60536;VOLVO FH 540;CAMINHAO;1158429;FILTRO DA DIREÇÃO
60536;VOLVO FH 540;CAMINHAO;1177771;FILTRO LUBRIFICANTE
60536;VOLVO FH 540;CAMINHAO;1177771;FILTRO LUBRIFICANTE
60536;VOLVO FH 540;CAMINHAO;1248893;FILTRO COMBUSTIVEL
60536;VOLVO FH 540;CAMINHAO;1665674;FILTRO ARLA
60536;VOLVO FH 540;CAMINHAO;1681175;PENEIRA
60536;VOLVO FH 540;CAMINHAO;2010082;FILTRO SECADOR DE AR
60536;VOLVO FH 540;CAMINHAO;2435378;FILTRO AR CONDICIONADO 2°
60536;VOLVO FH 540;CAMINHAO;2444057;FILTRO AR CONDICIONADO
60537;VOLVO FM 540;CAMINHAO;1177771;FILTRO LUBRIFICANTE
60537;VOLVO FM 540;CAMINHAO;2543874;FILTRO COMBUSTIVEL
60537;VOLVO FM 540;CAMINHAO;2543886;FILTRO SEPARADOR
60537;VOLVO FM 540;CAMINHAO;2547790;FILTRO ARLA
60537;VOLVO FM 540;CAMINHAO;2551202;FILTRO LUBRIFICANTE
60538;VOLVO FM 540;CAMINHAO;1177771;FILTRO LUBRIFICANTE
60538;VOLVO FM 540;CAMINHAO;2543874;FILTRO COMBUSTIVEL
60538;VOLVO FM 540;CAMINHAO;2543886;FILTRO SEPARADOR
60538;VOLVO FM 540;CAMINHAO;2547790;FILTRO ARLA
60538;VOLVO FM 540;CAMINHAO;2551202;FILTRO LUBRIFICANTE
60539;VOLVO FM 540;CAMINHAO;1177771;FILTRO LUBRIFICANTE
60539;VOLVO FM 540;CAMINHAO;2543874;FILTRO COMBUSTIVEL
60539;VOLVO FM 540;CAMINHAO;2543886;FILTRO SEPARADOR
60539;VOLVO FM 540;CAMINHAO;2547790;FILTRO ARLA
60539;VOLVO FM 540;CAMINHAO;2551202;FILTRO LUBRIFICANTE
60540;VOLVO FM 540;CAMINHAO;1177771;FILTRO LUBRIFICANTE
60540;VOLVO FM 540;CAMINHAO;2543874;FILTRO COMBUSTIVEL
60540;VOLVO FM 540;CAMINHAO;2543886;FILTRO SEPARADOR
60540;VOLVO FM 540;CAMINHAO;2547790;FILTRO ARLA
60540;VOLVO FM 540;CAMINHAO;2551202;FILTRO LUBRIFICANTE
60541;VOLVO FM 540;CAMINHAO;1177771;FILTRO LUBRIFICANTE
60541;VOLVO FM 540;CAMINHAO;2543874;FILTRO COMBUSTIVEL
60541;VOLVO FM 540;CAMINHAO;2543886;FILTRO SEPARADOR
60541;VOLVO FM 540;CAMINHAO;2547790;FILTRO ARLA
60541;VOLVO FM 540;CAMINHAO;2551202;FILTRO LUBRIFICANTE
60542;VOLVO FM 540;CAMINHAO;1608794;FILTRO AR EXTERNO
60542;VOLVO FM 540;CAMINHAO;1177771;FILTRO LUBRIFICANTE
60542;VOLVO FM 540;CAMINHAO;2543874;FILTRO COMBUSTIVEL
60542;VOLVO FM 540;CAMINHAO;2543886;FILTRO SEPARADOR
60542;VOLVO FM 540;CAMINHAO;2547790;FILTRO ARLA
60542;VOLVO FM 540;CAMINHAO;2551202;FILTRO LUBRIFICANTE
60543;VOLVO FM 540;CAMINHAO;1177771;FILTRO LUBRIFICANTE
60543;VOLVO FM 540;CAMINHAO;2543874;FILTRO COMBUSTIVEL
60543;VOLVO FM 540;CAMINHAO;2543886;FILTRO SEPARADOR
60543;VOLVO FM 540;CAMINHAO;2547790;FILTRO ARLA
60543;VOLVO FM 540;CAMINHAO;2551202;FILTRO LUBRIFICANTE
60544;VOLVO FM 540;CAMINHAO;1177771;FILTRO LUBRIFICANTE
60544;VOLVO FM 540;CAMINHAO;2543874;FILTRO COMBUSTIVEL
60544;VOLVO FM 540;CAMINHAO;2543886;FILTRO SEPARADOR
60544;VOLVO FM 540;CAMINHAO;2547790;FILTRO ARLA
60544;VOLVO FM 540;CAMINHAO;2551202;FILTRO LUBRIFICANTE
60545;VOLVO FM 540;CAMINHAO;1177771;FILTRO LUBRIFICANTE
60545;VOLVO FM 540;CAMINHAO;2543874;FILTRO COMBUSTIVEL
60545;VOLVO FM 540;CAMINHAO;2543886;FILTRO SEPARADOR
60545;VOLVO FM 540;CAMINHAO;2547790;FILTRO ARLA
60545;VOLVO FM 540;CAMINHAO;2551202;FILTRO LUBRIFICANTE
60800;VOLVO VM 270;CAMINHAO;885393;FILTRO AR CONDICIONADO
60800;VOLVO VM 270;CAMINHAO;1098860;FILTRO AR EXTERNO
60800;VOLVO VM 270;CAMINHAO;1098901;FILTRO AR INTERNO
60800;VOLVO VM 270;CAMINHAO;1177771;FILTRO LUBRIFICANTE
60800;VOLVO VM 270;CAMINHAO;1211183;FILTRO SECADOR DE AR
60800;VOLVO VM 270;CAMINHAO;1651870;FILTRO ARLA
60800;VOLVO VM 270;CAMINHAO;1681175;PENEIRA
60800;VOLVO VM 270;CAMINHAO;1966595;FILTRO COMBUSTIVEL
60800;VOLVO VM 270;CAMINHAO;1966613;FILTRO DA DIREÇÃO
60800;VOLVO VM 270;CAMINHAO;2290959;FILTRO SEPARADOR
60801;VW 31260 - HORIMETRO;CAMINHAO;816425;FILTRO COMBUSTIVEL
60801;VW 31260 - HORIMETRO;CAMINHAO;910089;FILTRO AR EXTERNO
60801;VW 31260 - HORIMETRO;CAMINHAO;1218049;FILTRO SEPARADOR
60801;VW 31260 - HORIMETRO;CAMINHAO;1234470;FILTRO LUBRIFICANTE
60801;VW 31260 - HORIMETRO;CAMINHAO;1235114;FILTRO AR INTERNO
60801;VW 31260 - HORIMETRO;CAMINHAO;1633673;FILTRO SECADOR DE AR
60802;VW 26260 - HORIMETRO;CAMINHAO;816425;FILTRO COMBUSTIVEL
60802;VW 26260 - HORIMETRO;CAMINHAO;910089;FILTRO AR EXTERNO
60802;VW 26260 - HORIMETRO;CAMINHAO;1218049;FILTRO SEPARADOR
60802;VW 26260 - HORIMETRO;CAMINHAO;1219843;FILTRO LUBRIFICANTE
60802;VW 26260 - HORIMETRO;CAMINHAO;1235114;FILTRO AR INTERNO
60802;VW 26260 - HORIMETRO;CAMINHAO;1274934;FILTRO DA DIREÇÃO
60802;VW 26260 - HORIMETRO;CAMINHAO;1633673;FILTRO SECADOR DE AR
60803;VW 26260 - HORIMETRO;CAMINHAO;816425;FILTRO COMBUSTIVEL
60803;VW 26260 - HORIMETRO;CAMINHAO;910089;FILTRO AR EXTERNO
60803;VW 26260 - HORIMETRO;CAMINHAO;1216909;FILTRO SEPARADOR
60803;VW 26260 - HORIMETRO;CAMINHAO;1234470;FILTRO LUBRIFICANTE
60803;VW 26260 - HORIMETRO;CAMINHAO;1235114;FILTRO AR INTERNO
60803;VW 26260 - HORIMETRO;CAMINHAO;1274934;FILTRO DA DIREÇÃO
60803;VW 26260 - HORIMETRO;CAMINHAO;1633673;FILTRO SECADOR DE AR
60804;VW 9170;CAMINHAO;1985139;FILTRO AR EXTERNO
60805;VW 8120;CAMINHAO;1216909;FILTRO SEPARADOR
60805;VW 8120;CAMINHAO;1223112;FILTRO COMBUSTIVEL
60805;VW 8120;CAMINHAO;1235321;FILTRO LUBRIFICANTE
60805;VW 8120;CAMINHAO;1258990;FILTRO AR EXTERNO
60805;VW 8120;CAMINHAO;1274934;FILTRO DA DIREÇÃO
60806;VOLVO VM 270;CAMINHAO;885393;FILTRO AR CONDICIONADO
60806;VOLVO VM 270;CAMINHAO;1098860;FILTRO AR EXTERNO
60806;VOLVO VM 270;CAMINHAO;1098901;FILTRO AR INTERNO
60806;VOLVO VM 270;CAMINHAO;1177771;FILTRO LUBRIFICANTE
60806;VOLVO VM 270;CAMINHAO;1211183;FILTRO SECADOR DE AR
60806;VOLVO VM 270;CAMINHAO;1651870;FILTRO ARLA
60806;VOLVO VM 270;CAMINHAO;1681175;PENEIRA
60806;VOLVO VM 270;CAMINHAO;1966595;FILTRO COMBUSTIVEL
60806;VOLVO VM 270;CAMINHAO;1966613;FILTRO DA DIREÇÃO
60806;VOLVO VM 270;CAMINHAO;2290959;FILTRO SEPARADOR
60808;VOLVO VM 270 - HORIMETRO;CAMINHAO;885393;FILTRO AR CONDICIONADO
60808;VOLVO VM 270 - HORIMETRO;CAMINHAO;1098860;FILTRO AR EXTERNO
60808;VOLVO VM 270 - HORIMETRO;CAMINHAO;1098901;FILTRO AR INTERNO
60808;VOLVO VM 270 - HORIMETRO;CAMINHAO;1177771;FILTRO LUBRIFICANTE
60808;VOLVO VM 270 - HORIMETRO;CAMINHAO;1211183;FILTRO SECADOR DE AR
60808;VOLVO VM 270 - HORIMETRO;CAMINHAO;1651870;FILTRO ARLA
60808;VOLVO VM 270 - HORIMETRO;CAMINHAO;1681175;PENEIRA
60808;VOLVO VM 270 - HORIMETRO;CAMINHAO;1966595;FILTRO COMBUSTIVEL
60808;VOLVO VM 270 - HORIMETRO;CAMINHAO;1966613;FILTRO DA DIREÇÃO
60808;VOLVO VM 270 - HORIMETRO;CAMINHAO;2290959;FILTRO SEPARADOR
60809;M.BENZ 2729 - HORIMETRO;CAMINHAO;875351;FILTRO COMBUSTIVEL
60809;M.BENZ 2729 - HORIMETRO;CAMINHAO;876227;FILTRO LUBRIFICANTE
60809;M.BENZ 2729 - HORIMETRO;CAMINHAO;910089;FILTRO AR EXTERNO
60809;M.BENZ 2729 - HORIMETRO;CAMINHAO;941049;FILTRO AR INTERNO
60809;M.BENZ 2729 - HORIMETRO;CAMINHAO;1160503;FILTRO SEPARADOR
60809;M.BENZ 2729 - HORIMETRO;CAMINHAO;1633673;FILTRO SECADOR DE AR
60810;VW 11180 - HORIMETRO;CAMINHAO;1332612;FILTRO LUBRIFICANTE
60810;VW 11180 - HORIMETRO;CAMINHAO;1633673;FILTRO SECADOR DE AR
60810;VW 11180 - HORIMETRO;CAMINHAO;1665674;FILTRO ARLA
60810;VW 11180 - HORIMETRO;CAMINHAO;1681175;PENEIRA
60810;VW 11180 - HORIMETRO;CAMINHAO;1966595;FILTRO COMBUSTIVEL
60810;VW 11180 - HORIMETRO;CAMINHAO;1985115;FILTRO SEPARADOR
60810;VW 11180 - HORIMETRO;CAMINHAO;1985139;FILTRO AR EXTERNO
60810;VW 11180 - HORIMETRO;CAMINHAO;1985140;FILTRO AR CONDICIONADO
60811;VW 9180;CAMINHAO;1985139;FILTRO AR EXTERNO
60811;VW 9180;CAMINHAO;2563370;FILTRO COMBUSTIVEL
60811;VW 9180;CAMINHAO;2563381;FILTRO LUBRIFICANTE
60811;VW 9180;CAMINHAO;2563447;FILTRO SEPARADOR
60812;VW 9180;CAMINHAO;1985139;FILTRO AR EXTERNO
60812;VW 9180;CAMINHAO;2563370;FILTRO COMBUSTIVEL
60812;VW 9180;CAMINHAO;2563381;FILTRO LUBRIFICANTE
60812;VW 9180;CAMINHAO;2563447;FILTRO SEPARADOR
60813;VW 9180;CAMINHAO;1985139;FILTRO AR EXTERNO
60813;VW 9180;CAMINHAO;2563370;FILTRO COMBUSTIVEL
60813;VW 9180;CAMINHAO;2563381;FILTRO LUBRIFICANTE
60813;VW 9180;CAMINHAO;2563447;FILTRO SEPARADOR
60814;VW 9180;CAMINHAO;1985139;FILTRO AR EXTERNO
60814;VW 9180;CAMINHAO;2563370;FILTRO COMBUSTIVEL
60814;VW 9180;CAMINHAO;2563381;FILTRO LUBRIFICANTE
60814;VW 9180;CAMINHAO;2563447;FILTRO SEPARADOR
60815;VW 13180 - HORIMETRO;CAMINHAO;910089;FILTRO AR EXTERNO
60815;VW 13180 - HORIMETRO;CAMINHAO;1149866;FILTRO SEPARADOR
60815;VW 13180 - HORIMETRO;CAMINHAO;1218049;FILTRO COMBUSTIVEL
60815;VW 13180 - HORIMETRO;CAMINHAO;1234470;FILTRO LUBRIFICANTE
60815;VW 13180 - HORIMETRO;CAMINHAO;1235114;FILTRO AR INTERNO
60815;VW 13180 - HORIMETRO;CAMINHAO;1274934;FILTRO DA DIREÇÃO
60816;VOLVO FH 540;#N/A;1037985;FILTRO AR EXTERNO
60816;VOLVO FH 540;#N/A;1074313;FILTRO SEPARADOR
60816;VOLVO FH 540;#N/A;1151782;FILTRO LUBRIFICANTE 2°
60816;VOLVO FH 540;#N/A;1158429;FILTRO DA DIREÇÃO
60816;VOLVO FH 540;#N/A;1177771;FILTRO LUBRIFICANTE
60816;VOLVO FH 540;#N/A;1177771;FILTRO LUBRIFICANTE
60816;VOLVO FH 540;#N/A;1248893;FILTRO COMBUSTIVEL
60816;VOLVO FH 540;#N/A;1665674;FILTRO ARLA
60816;VOLVO FH 540;#N/A;1681175;PENEIRA
60816;VOLVO FH 540;#N/A;2010082;FILTRO SECADOR DE AR
60816;VOLVO FH 540;#N/A;2435378;FILTRO AR CONDICIONADO 2°
60816;VOLVO FH 540;#N/A;2444057;FILTRO AR CONDICIONADO
60901;VOLVO FH 520 - HORIMETRO;CAMINHAO;1151782;FILTRO LUBRIFICANTE 2°
60901;VOLVO FH 520 - HORIMETRO;CAMINHAO;1165628;FILTRO AR INTERNO
60901;VOLVO FH 520 - HORIMETRO;CAMINHAO;1165630;FILTRO AR EXTERNO
60901;VOLVO FH 520 - HORIMETRO;CAMINHAO;1177771;FILTRO LUBRIFICANTE
60901;VOLVO FH 520 - HORIMETRO;CAMINHAO;1177771;FILTRO LUBRIFICANTE
60901;VOLVO FH 520 - HORIMETRO;CAMINHAO;1234810;FILTRO AR CONDICIONADO
60901;VOLVO FH 520 - HORIMETRO;CAMINHAO;1248893;FILTRO COMBUSTIVEL
60901;VOLVO FH 520 - HORIMETRO;CAMINHAO;1274934;FILTRO DA DIREÇÃO
60901;VOLVO FH 520 - HORIMETRO;CAMINHAO;2010082;FILTRO SECADOR DE AR
60901;VOLVO FH 520 - HORIMETRO;CAMINHAO;2120197;FILTRO CAMBIO
60901;VOLVO FH 520 - HORIMETRO;CAMINHAO;2129103;FILTRO SEPARADOR
60902;VOLVO FH 520 - HORIMETRO;CAMINHAO;1151782;FILTRO LUBRIFICANTE 2°
60902;VOLVO FH 520 - HORIMETRO;CAMINHAO;1165628;FILTRO AR INTERNO
60902;VOLVO FH 520 - HORIMETRO;CAMINHAO;1165630;FILTRO AR EXTERNO
60902;VOLVO FH 520 - HORIMETRO;CAMINHAO;1177771;FILTRO LUBRIFICANTE
60902;VOLVO FH 520 - HORIMETRO;CAMINHAO;1177771;FILTRO LUBRIFICANTE
60902;VOLVO FH 520 - HORIMETRO;CAMINHAO;1234810;FILTRO AR CONDICIONADO
60902;VOLVO FH 520 - HORIMETRO;CAMINHAO;1248893;FILTRO COMBUSTIVEL
60902;VOLVO FH 520 - HORIMETRO;CAMINHAO;1274934;FILTRO DA DIREÇÃO
60902;VOLVO FH 520 - HORIMETRO;CAMINHAO;2010082;FILTRO SECADOR DE AR
60902;VOLVO FH 520 - HORIMETRO;CAMINHAO;2120197;FILTRO CAMBIO
60902;VOLVO FH 520 - HORIMETRO;CAMINHAO;2129103;FILTRO SEPARADOR
60903;VOLVO FH 520 - HORIMETRO;CAMINHAO;1151782;FILTRO LUBRIFICANTE 2°
60903;VOLVO FH 520 - HORIMETRO;CAMINHAO;1165628;FILTRO AR INTERNO
60903;VOLVO FH 520 - HORIMETRO;CAMINHAO;1165630;FILTRO AR EXTERNO
60903;VOLVO FH 520 - HORIMETRO;CAMINHAO;1177771;FILTRO LUBRIFICANTE
60903;VOLVO FH 520 - HORIMETRO;CAMINHAO;1177771;FILTRO LUBRIFICANTE
60903;VOLVO FH 520 - HORIMETRO;CAMINHAO;1234810;FILTRO AR CONDICIONADO
60903;VOLVO FH 520 - HORIMETRO;CAMINHAO;1248893;FILTRO COMBUSTIVEL
60903;VOLVO FH 520 - HORIMETRO;CAMINHAO;1274934;FILTRO DA DIREÇÃO
60903;VOLVO FH 520 - HORIMETRO;CAMINHAO;2010082;FILTRO SECADOR DE AR
60903;VOLVO FH 520 - HORIMETRO;CAMINHAO;2120197;FILTRO CAMBIO
60903;VOLVO FH 520 - HORIMETRO;CAMINHAO;2129103;FILTRO SEPARADOR
60904;VOLVO FH 520 - HORIMETRO;CAMINHAO;1151782;FILTRO LUBRIFICANTE 2°
60904;VOLVO FH 520 - HORIMETRO;CAMINHAO;1165628;FILTRO AR INTERNO
60904;VOLVO FH 520 - HORIMETRO;CAMINHAO;1165630;FILTRO AR EXTERNO
60904;VOLVO FH 520 - HORIMETRO;CAMINHAO;1177771;FILTRO LUBRIFICANTE
60904;VOLVO FH 520 - HORIMETRO;CAMINHAO;1177771;FILTRO LUBRIFICANTE
60904;VOLVO FH 520 - HORIMETRO;CAMINHAO;1234810;FILTRO AR CONDICIONADO
60904;VOLVO FH 520 - HORIMETRO;CAMINHAO;1248893;FILTRO COMBUSTIVEL
60904;VOLVO FH 520 - HORIMETRO;CAMINHAO;1274934;FILTRO DA DIREÇÃO
60904;VOLVO FH 520 - HORIMETRO;CAMINHAO;2010082;FILTRO SECADOR DE AR
60904;VOLVO FH 520 - HORIMETRO;CAMINHAO;2120197;FILTRO CAMBIO
60904;VOLVO FH 520 - HORIMETRO;CAMINHAO;2129103;FILTRO SEPARADOR
60906;VOLVO VM 270 - HORIMETRO;CAMINHAO;885393;FILTRO AR CONDICIONADO
60906;VOLVO VM 270 - HORIMETRO;CAMINHAO;921476;FILTRO SEPARADOR
60906;VOLVO VM 270 - HORIMETRO;CAMINHAO;1098860;FILTRO AR EXTERNO
60906;VOLVO VM 270 - HORIMETRO;CAMINHAO;1098901;FILTRO AR INTERNO
60906;VOLVO VM 270 - HORIMETRO;CAMINHAO;1177771;FILTRO LUBRIFICANTE
60906;VOLVO VM 270 - HORIMETRO;CAMINHAO;1211183;FILTRO SECADOR DE AR
60906;VOLVO VM 270 - HORIMETRO;CAMINHAO;1651870;FILTRO ARLA
60906;VOLVO VM 270 - HORIMETRO;CAMINHAO;1681175;PENEIRA
60906;VOLVO VM 270 - HORIMETRO;CAMINHAO;1966595;FILTRO COMBUSTIVEL
60906;VOLVO VM 270 - HORIMETRO;CAMINHAO;1966613;FILTRO DA DIREÇÃO
60907;VOLVO VM 270 - HORIMETRO;CAMINHAO;885393;FILTRO AR CONDICIONADO
60907;VOLVO VM 270 - HORIMETRO;CAMINHAO;1098860;FILTRO AR EXTERNO
60907;VOLVO VM 270 - HORIMETRO;CAMINHAO;1098901;FILTRO AR INTERNO
60907;VOLVO VM 270 - HORIMETRO;CAMINHAO;1177771;FILTRO LUBRIFICANTE
60907;VOLVO VM 270 - HORIMETRO;CAMINHAO;1211183;FILTRO SECADOR DE AR
60907;VOLVO VM 270 - HORIMETRO;CAMINHAO;1651870;FILTRO ARLA
60907;VOLVO VM 270 - HORIMETRO;CAMINHAO;1681175;PENEIRA
60907;VOLVO VM 270 - HORIMETRO;CAMINHAO;1966595;FILTRO COMBUSTIVEL
60907;VOLVO VM 270 - HORIMETRO;CAMINHAO;1966613;FILTRO DA DIREÇÃO
60907;VOLVO VM 270 - HORIMETRO;CAMINHAO;2097308;FILTRO SEPARADOR
60908;VOLVO VM 270 - HORIMETRO;CAMINHAO;885393;FILTRO AR CONDICIONADO
60908;VOLVO VM 270 - HORIMETRO;CAMINHAO;1098860;FILTRO AR EXTERNO
60908;VOLVO VM 270 - HORIMETRO;CAMINHAO;1098901;FILTRO AR INTERNO
60908;VOLVO VM 270 - HORIMETRO;CAMINHAO;1177771;FILTRO LUBRIFICANTE
60908;VOLVO VM 270 - HORIMETRO;CAMINHAO;1211183;FILTRO SECADOR DE AR
60908;VOLVO VM 270 - HORIMETRO;CAMINHAO;1651870;FILTRO ARLA
60908;VOLVO VM 270 - HORIMETRO;CAMINHAO;1681175;PENEIRA
60908;VOLVO VM 270 - HORIMETRO;CAMINHAO;1966595;FILTRO COMBUSTIVEL
60908;VOLVO VM 270 - HORIMETRO;CAMINHAO;1966613;FILTRO DA DIREÇÃO
60908;VOLVO VM 270 - HORIMETRO;CAMINHAO;2290959;FILTRO SEPARADOR
60909;VOLVO VM 270 - HORIMETRO;CAMINHAO;885393;FILTRO AR CONDICIONADO
60909;VOLVO VM 270 - HORIMETRO;CAMINHAO;1098860;FILTRO AR EXTERNO
60909;VOLVO VM 270 - HORIMETRO;CAMINHAO;1098901;FILTRO AR INTERNO
60909;VOLVO VM 270 - HORIMETRO;CAMINHAO;1177771;FILTRO LUBRIFICANTE
60909;VOLVO VM 270 - HORIMETRO;CAMINHAO;1211183;FILTRO SECADOR DE AR
60909;VOLVO VM 270 - HORIMETRO;CAMINHAO;1651870;FILTRO ARLA
60909;VOLVO VM 270 - HORIMETRO;CAMINHAO;1681175;PENEIRA
60909;VOLVO VM 270 - HORIMETRO;CAMINHAO;1966595;FILTRO COMBUSTIVEL
60909;VOLVO VM 270 - HORIMETRO;CAMINHAO;1966613;FILTRO DA DIREÇÃO
60909;VOLVO VM 270 - HORIMETRO;CAMINHAO;2097308;FILTRO SEPARADOR
60910;VOLVO VM 270 - HORIMETRO;CAMINHAO;885393;FILTRO AR CONDICIONADO
60910;VOLVO VM 270 - HORIMETRO;CAMINHAO;1098860;FILTRO AR EXTERNO
60910;VOLVO VM 270 - HORIMETRO;CAMINHAO;1098901;FILTRO AR INTERNO
60910;VOLVO VM 270 - HORIMETRO;CAMINHAO;1177771;FILTRO LUBRIFICANTE
60910;VOLVO VM 270 - HORIMETRO;CAMINHAO;1211183;FILTRO SECADOR DE AR
60910;VOLVO VM 270 - HORIMETRO;CAMINHAO;1651870;FILTRO ARLA
60910;VOLVO VM 270 - HORIMETRO;CAMINHAO;1681175;PENEIRA
60910;VOLVO VM 270 - HORIMETRO;CAMINHAO;1966595;FILTRO COMBUSTIVEL
60910;VOLVO VM 270 - HORIMETRO;CAMINHAO;1966613;FILTRO DA DIREÇÃO
60910;VOLVO VM 270 - HORIMETRO;CAMINHAO;2097308;FILTRO SEPARADOR
60911;VW 26260 - HORIMETRO;CAMINHAO;816425;FILTRO COMBUSTIVEL
60911;VW 26260 - HORIMETRO;CAMINHAO;910089;FILTRO AR EXTERNO
60911;VW 26260 - HORIMETRO;CAMINHAO;1160503;FILTRO SEPARADOR
60911;VW 26260 - HORIMETRO;CAMINHAO;1234470;FILTRO LUBRIFICANTE
60911;VW 26260 - HORIMETRO;CAMINHAO;1235114;FILTRO AR INTERNO
60911;VW 26260 - HORIMETRO;CAMINHAO;1274934;FILTRO DA DIREÇÃO
60911;VW 26260 - HORIMETRO;CAMINHAO;1633673;FILTRO SECADOR DE AR
60912;VOLVO VM 270 - HORIMETRO;CAMINHAO;885393;FILTRO AR CONDICIONADO
60912;VOLVO VM 270 - HORIMETRO;CAMINHAO;1098860;FILTRO AR EXTERNO
60912;VOLVO VM 270 - HORIMETRO;CAMINHAO;1098901;FILTRO AR INTERNO
60912;VOLVO VM 270 - HORIMETRO;CAMINHAO;1177771;FILTRO LUBRIFICANTE
60912;VOLVO VM 270 - HORIMETRO;CAMINHAO;1211183;FILTRO SECADOR DE AR
60912;VOLVO VM 270 - HORIMETRO;CAMINHAO;1651870;FILTRO ARLA
60912;VOLVO VM 270 - HORIMETRO;CAMINHAO;1681175;PENEIRA
60912;VOLVO VM 270 - HORIMETRO;CAMINHAO;1966595;FILTRO COMBUSTIVEL
60912;VOLVO VM 270 - HORIMETRO;CAMINHAO;1966613;FILTRO DA DIREÇÃO
60912;VOLVO VM 270 - HORIMETRO;CAMINHAO;2290959;FILTRO SEPARADOR
60913;VOLVO VM 270 - HORIMETRO;CAMINHAO;885393;FILTRO AR CONDICIONADO
60913;VOLVO VM 270 - HORIMETRO;CAMINHAO;1098860;FILTRO AR EXTERNO
60913;VOLVO VM 270 - HORIMETRO;CAMINHAO;1098901;FILTRO AR INTERNO
60913;VOLVO VM 270 - HORIMETRO;CAMINHAO;1177771;FILTRO LUBRIFICANTE
60913;VOLVO VM 270 - HORIMETRO;CAMINHAO;1211183;FILTRO SECADOR DE AR
60913;VOLVO VM 270 - HORIMETRO;CAMINHAO;1651870;FILTRO ARLA
60913;VOLVO VM 270 - HORIMETRO;CAMINHAO;1681175;PENEIRA
60913;VOLVO VM 270 - HORIMETRO;CAMINHAO;1966595;FILTRO COMBUSTIVEL
60913;VOLVO VM 270 - HORIMETRO;CAMINHAO;1966613;FILTRO DA DIREÇÃO
60913;VOLVO VM 270 - HORIMETRO;CAMINHAO;2290959;FILTRO SEPARADOR
60914;VOLVO VM 270 - HORIMETRO;CAMINHAO;885393;FILTRO AR CONDICIONADO
60914;VOLVO VM 270 - HORIMETRO;CAMINHAO;1098860;FILTRO AR EXTERNO
60914;VOLVO VM 270 - HORIMETRO;CAMINHAO;1098901;FILTRO AR INTERNO
60914;VOLVO VM 270 - HORIMETRO;CAMINHAO;1177771;FILTRO LUBRIFICANTE
60914;VOLVO VM 270 - HORIMETRO;CAMINHAO;1211183;FILTRO SECADOR DE AR
60914;VOLVO VM 270 - HORIMETRO;CAMINHAO;1651870;FILTRO ARLA
60914;VOLVO VM 270 - HORIMETRO;CAMINHAO;1681175;PENEIRA
60914;VOLVO VM 270 - HORIMETRO;CAMINHAO;1966595;FILTRO COMBUSTIVEL
60914;VOLVO VM 270 - HORIMETRO;CAMINHAO;1966613;FILTRO DA DIREÇÃO
60914;VOLVO VM 270 - HORIMETRO;CAMINHAO;2290959;FILTRO SEPARADOR
60915;VOLVO VM 270 - HORIMETRO;CAMINHAO;885393;FILTRO AR CONDICIONADO
60915;VOLVO VM 270 - HORIMETRO;CAMINHAO;1098860;FILTRO AR EXTERNO
60915;VOLVO VM 270 - HORIMETRO;CAMINHAO;1098901;FILTRO AR INTERNO
60915;VOLVO VM 270 - HORIMETRO;CAMINHAO;1177771;FILTRO LUBRIFICANTE
60915;VOLVO VM 270 - HORIMETRO;CAMINHAO;1211183;FILTRO SECADOR DE AR
60915;VOLVO VM 270 - HORIMETRO;CAMINHAO;1651870;FILTRO ARLA
60915;VOLVO VM 270 - HORIMETRO;CAMINHAO;1681175;PENEIRA
60915;VOLVO VM 270 - HORIMETRO;CAMINHAO;1966595;FILTRO COMBUSTIVEL
60915;VOLVO VM 270 - HORIMETRO;CAMINHAO;1966613;FILTRO DA DIREÇÃO
60915;VOLVO VM 270 - HORIMETRO;CAMINHAO;2290959;FILTRO SEPARADOR
60917;VOLVO VM 270 - HORIMETRO;CAMINHAO;885393;FILTRO AR CONDICIONADO
60917;VOLVO VM 270 - HORIMETRO;CAMINHAO;1098860;FILTRO AR EXTERNO
60917;VOLVO VM 270 - HORIMETRO;CAMINHAO;1098901;FILTRO AR INTERNO
60917;VOLVO VM 270 - HORIMETRO;CAMINHAO;1177771;FILTRO LUBRIFICANTE
60917;VOLVO VM 270 - HORIMETRO;CAMINHAO;1211183;FILTRO SECADOR DE AR
60917;VOLVO VM 270 - HORIMETRO;CAMINHAO;1651870;FILTRO ARLA
60917;VOLVO VM 270 - HORIMETRO;CAMINHAO;1681175;PENEIRA
60917;VOLVO VM 270 - HORIMETRO;CAMINHAO;1966595;FILTRO COMBUSTIVEL
60917;VOLVO VM 270 - HORIMETRO;CAMINHAO;1966613;FILTRO DA DIREÇÃO
60917;VOLVO VM 270 - HORIMETRO;CAMINHAO;2290959;FILTRO SEPARADOR
61002;VW 11180 - HORIMETRO;CAMINHAO;1332612;FILTRO LUBRIFICANTE
61002;VW 11180 - HORIMETRO;CAMINHAO;1633673;FILTRO SECADOR DE AR
61002;VW 11180 - HORIMETRO;CAMINHAO;1665674;FILTRO ARLA
61002;VW 11180 - HORIMETRO;CAMINHAO;1681175;PENEIRA
61002;VW 11180 - HORIMETRO;CAMINHAO;1966595;FILTRO COMBUSTIVEL
61002;VW 11180 - HORIMETRO;CAMINHAO;1985115;FILTRO SEPARADOR
61002;VW 11180 - HORIMETRO;CAMINHAO;1985139;FILTRO AR EXTERNO
61002;VW 11180 - HORIMETRO;CAMINHAO;1985140;FILTRO AR CONDICIONADO
61003;VOLVO VM 270 - HORIMETRO;CAMINHAO;885393;FILTRO AR CONDICIONADO
61003;VOLVO VM 270 - HORIMETRO;CAMINHAO;1098860;FILTRO AR EXTERNO
61003;VOLVO VM 270 - HORIMETRO;CAMINHAO;1098901;FILTRO AR INTERNO
61003;VOLVO VM 270 - HORIMETRO;CAMINHAO;1177771;FILTRO LUBRIFICANTE
61003;VOLVO VM 270 - HORIMETRO;CAMINHAO;1211183;FILTRO SECADOR DE AR
61003;VOLVO VM 270 - HORIMETRO;CAMINHAO;1651870;FILTRO ARLA
61003;VOLVO VM 270 - HORIMETRO;CAMINHAO;1681175;PENEIRA
61003;VOLVO VM 270 - HORIMETRO;CAMINHAO;1966595;FILTRO COMBUSTIVEL
61003;VOLVO VM 270 - HORIMETRO;CAMINHAO;1966613;FILTRO DA DIREÇÃO
61003;VOLVO VM 270 - HORIMETRO;CAMINHAO;2290959;FILTRO SEPARADOR
61149;VOLVO VM 270 - HORIMETRO;CAMINHAO;885393;FILTRO AR CONDICIONADO
61149;VOLVO VM 270 - HORIMETRO;CAMINHAO;1098860;FILTRO AR EXTERNO
61149;VOLVO VM 270 - HORIMETRO;CAMINHAO;1098901;FILTRO AR INTERNO
61149;VOLVO VM 270 - HORIMETRO;CAMINHAO;1177771;FILTRO LUBRIFICANTE
61149;VOLVO VM 270 - HORIMETRO;CAMINHAO;1211183;FILTRO SECADOR DE AR
61149;VOLVO VM 270 - HORIMETRO;CAMINHAO;1651870;FILTRO ARLA
61149;VOLVO VM 270 - HORIMETRO;CAMINHAO;1681175;PENEIRA
61149;VOLVO VM 270 - HORIMETRO;CAMINHAO;1966595;FILTRO COMBUSTIVEL
61149;VOLVO VM 270 - HORIMETRO;CAMINHAO;1966613;FILTRO DA DIREÇÃO
61149;VOLVO VM 270 - HORIMETRO;CAMINHAO;2290959;FILTRO SEPARADOR
61150;VOLVO VM 270 - HORIMETRO;CAMINHAO;885393;FILTRO AR CONDICIONADO
61150;VOLVO VM 270 - HORIMETRO;CAMINHAO;1098860;FILTRO AR EXTERNO
61150;VOLVO VM 270 - HORIMETRO;CAMINHAO;1098901;FILTRO AR INTERNO
61150;VOLVO VM 270 - HORIMETRO;CAMINHAO;1177771;FILTRO LUBRIFICANTE
61150;VOLVO VM 270 - HORIMETRO;CAMINHAO;1211183;FILTRO SECADOR DE AR
61150;VOLVO VM 270 - HORIMETRO;CAMINHAO;1651870;FILTRO ARLA
61150;VOLVO VM 270 - HORIMETRO;CAMINHAO;1681175;PENEIRA
61150;VOLVO VM 270 - HORIMETRO;CAMINHAO;1966595;FILTRO COMBUSTIVEL
61150;VOLVO VM 270 - HORIMETRO;CAMINHAO;1966613;FILTRO DA DIREÇÃO
61150;VOLVO VM 270 - HORIMETRO;CAMINHAO;2290959;FILTRO SEPARADOR
61151;VOLVO VM 270 - HORIMETRO;CAMINHAO;885393;FILTRO AR CONDICIONADO
61151;VOLVO VM 270 - HORIMETRO;CAMINHAO;1098860;FILTRO AR EXTERNO
61151;VOLVO VM 270 - HORIMETRO;CAMINHAO;1098901;FILTRO AR INTERNO
61151;VOLVO VM 270 - HORIMETRO;CAMINHAO;1177771;FILTRO LUBRIFICANTE
61151;VOLVO VM 270 - HORIMETRO;CAMINHAO;1211183;FILTRO SECADOR DE AR
61151;VOLVO VM 270 - HORIMETRO;CAMINHAO;1651870;FILTRO ARLA
61151;VOLVO VM 270 - HORIMETRO;CAMINHAO;1681175;PENEIRA
61151;VOLVO VM 270 - HORIMETRO;CAMINHAO;1966595;FILTRO COMBUSTIVEL
61151;VOLVO VM 270 - HORIMETRO;CAMINHAO;1966613;FILTRO DA DIREÇÃO
61151;VOLVO VM 270 - HORIMETRO;CAMINHAO;2290959;FILTRO SEPARADOR
61152;VOLVO VM 270 - HORIMETRO;CAMINHAO;885393;FILTRO AR CONDICIONADO
61152;VOLVO VM 270 - HORIMETRO;CAMINHAO;1098860;FILTRO AR EXTERNO
61152;VOLVO VM 270 - HORIMETRO;CAMINHAO;1098901;FILTRO AR INTERNO
61152;VOLVO VM 270 - HORIMETRO;CAMINHAO;1177771;FILTRO LUBRIFICANTE
61152;VOLVO VM 270 - HORIMETRO;CAMINHAO;1211183;FILTRO SECADOR DE AR
61152;VOLVO VM 270 - HORIMETRO;CAMINHAO;1651870;FILTRO ARLA
61152;VOLVO VM 270 - HORIMETRO;CAMINHAO;1681175;PENEIRA
61152;VOLVO VM 270 - HORIMETRO;CAMINHAO;1966595;FILTRO COMBUSTIVEL
61152;VOLVO VM 270 - HORIMETRO;CAMINHAO;1966613;FILTRO DA DIREÇÃO
61152;VOLVO VM 270 - HORIMETRO;CAMINHAO;2097308;FILTRO SEPARADOR
61250;VOLVO VM 330;CAMINHAO;885393;FILTRO AR CONDICIONADO
61250;VOLVO VM 330;CAMINHAO;1098860;FILTRO AR EXTERNO
61250;VOLVO VM 330;CAMINHAO;1098901;FILTRO AR INTERNO
61250;VOLVO VM 330;CAMINHAO;1177771;FILTRO LUBRIFICANTE
61250;VOLVO VM 330;CAMINHAO;1211183;FILTRO SECADOR DE AR
61250;VOLVO VM 330;CAMINHAO;1651870;FILTRO ARLA
61250;VOLVO VM 330;CAMINHAO;1681175;PENEIRA
61250;VOLVO VM 330;CAMINHAO;1966595;FILTRO COMBUSTIVEL
61250;VOLVO VM 330;CAMINHAO;2097308;FILTRO SEPARADOR
61250;VOLVO VM 330;CAMINHAO;2120197;FILTRO CAMBIO
61251;VOLVO VM 330;CAMINHAO;885393;FILTRO AR CONDICIONADO
61251;VOLVO VM 330;CAMINHAO;1098860;FILTRO AR EXTERNO
61251;VOLVO VM 330;CAMINHAO;1098901;FILTRO AR INTERNO
61251;VOLVO VM 330;CAMINHAO;1177771;FILTRO LUBRIFICANTE
61251;VOLVO VM 330;CAMINHAO;1211183;FILTRO SECADOR DE AR
61251;VOLVO VM 330;CAMINHAO;1651870;FILTRO ARLA
61251;VOLVO VM 330;CAMINHAO;1681175;PENEIRA
61251;VOLVO VM 330;CAMINHAO;1966595;FILTRO COMBUSTIVEL
61251;VOLVO VM 330;CAMINHAO;2097308;FILTRO SEPARADOR
61251;VOLVO VM 330;CAMINHAO;2120197;FILTRO CAMBIO
61252;VOLVO VM 330;CAMINHAO;885393;FILTRO AR CONDICIONADO
61252;VOLVO VM 330;CAMINHAO;1098860;FILTRO AR EXTERNO
61252;VOLVO VM 330;CAMINHAO;1098901;FILTRO AR INTERNO
61252;VOLVO VM 330;CAMINHAO;1177771;FILTRO LUBRIFICANTE
61252;VOLVO VM 330;CAMINHAO;1211183;FILTRO SECADOR DE AR
61252;VOLVO VM 330;CAMINHAO;1651870;FILTRO ARLA
61252;VOLVO VM 330;CAMINHAO;1681175;PENEIRA
61252;VOLVO VM 330;CAMINHAO;1966595;FILTRO COMBUSTIVEL
61252;VOLVO VM 330;CAMINHAO;2097308;FILTRO SEPARADOR
61252;VOLVO VM 330;CAMINHAO;2120197;FILTRO CAMBIO
61609;VW COMIL SVELTO U;ONIBUS;816425;FILTRO COMBUSTIVEL
61609;VW COMIL SVELTO U;ONIBUS;910089;FILTRO AR EXTERNO
61609;VW COMIL SVELTO U;ONIBUS;1234470;FILTRO LUBRIFICANTE
61609;VW COMIL SVELTO U;ONIBUS;1235114;FILTRO AR INTERNO
61609;VW COMIL SVELTO U;ONIBUS;1274934;FILTRO DA DIREÇÃO
61609;VW COMIL SVELTO U;ONIBUS;1304665;FILTRO SEPARADOR
61609;VW COMIL SVELTO U;ONIBUS;1633673;FILTRO SECADOR DE AR
62001;VALTRA BM100;CARREGADEIRA;1045659;FILTRO HIDRAULICO
62001;VALTRA BM100;CARREGADEIRA;1151757;FILTRO AR EXTERNO
62001;VALTRA BM100;CARREGADEIRA;1151770;FILTRO AR INTERNO
62001;VALTRA BM100;CARREGADEIRA;1161866;FILTRO LUBRIFICANTE
62001;VALTRA BM100;CARREGADEIRA;1216909;FILTRO SEPARADOR
62001;VALTRA BM100;CARREGADEIRA;1234912;FILTRO TRANSMISSAO
62001;VALTRA BM100;CARREGADEIRA;1350948;FILTRO COMBUSTIVEL
62001;VALTRA BM100;CARREGADEIRA;1350948;FILTRO COMBUSTIVEL
62001;VALTRA BM100;CARREGADEIRA;1352477;FILTRO DA DIREÇÃO
62002;VALTRA BM100;CARREGADEIRA;1045659;FILTRO HIDRAULICO
62002;VALTRA BM100;CARREGADEIRA;1151757;FILTRO AR EXTERNO
62002;VALTRA BM100;CARREGADEIRA;1151770;FILTRO AR INTERNO
62002;VALTRA BM100;CARREGADEIRA;1161866;FILTRO LUBRIFICANTE
62002;VALTRA BM100;CARREGADEIRA;1216909;FILTRO SEPARADOR
62002;VALTRA BM100;CARREGADEIRA;1234912;FILTRO TRANSMISSAO
62002;VALTRA BM100;CARREGADEIRA;1315249;FILTRO COMBUSTIVEL
62002;VALTRA BM100;CARREGADEIRA;1352477;FILTRO DA DIREÇÃO
62200;JOHN DEERE 6190J;TRATOR;921440;FILTRO LUBRIFICANTE
62200;JOHN DEERE 6190J;TRATOR;921490;FILTRO COMBUSTIVEL
62200;JOHN DEERE 6190J;TRATOR;1215875;FILTRO TRANSMISSAO
62200;JOHN DEERE 6190J;TRATOR;1215887;FILTRO HIDRAULICO
62200;JOHN DEERE 6190J;TRATOR;1234742;FILTRO AR INTERNO
62200;JOHN DEERE 6190J;TRATOR;1303934;FILTRO AR EXTERNO
62200;JOHN DEERE 6190J;TRATOR;1347299;FILTRO COMBUSTIVEL PORTA
62200;JOHN DEERE 6190J;TRATOR;1353720;FILTRO AR CONDICIONADO
62201;MASSEY FERGUSON 265;TRATOR;944440;FILTRO AR INTERNO
62201;MASSEY FERGUSON 265;TRATOR;1151757;FILTRO AR EXTERNO
62201;MASSEY FERGUSON 265;TRATOR;1158480;FILTRO COMBUSTIVEL
62201;MASSEY FERGUSON 265;TRATOR;1251697;FILTRO SEPARADOR
62201;MASSEY FERGUSON 265;TRATOR;1401968;FILTRO LUBRIFICANTE
62202;VALTRA BH 224;TRATOR;852934;FILTRO TRANSMISSAO
62202;VALTRA BH 224;TRATOR;862277;FILTRO AR CONDICIONADO
62202;VALTRA BH 224;TRATOR;1304665;FILTRO SEPARADOR
62202;VALTRA BH 224;TRATOR;1774153;FILTRO LUBRIFICANTE
62202;VALTRA BH 224;TRATOR;1774190;FILTRO AR EXTERNO
62202;VALTRA BH 224;TRATOR;1890207;FILTRO AR INTERNO
62202;VALTRA BH 224;TRATOR;1890852;FILTRO COMBUSTIVEL
62203;JOHN DEERE 6190J;TRATOR;921440;FILTRO LUBRIFICANTE
62203;JOHN DEERE 6190J;TRATOR;921490;FILTRO COMBUSTIVEL
62203;JOHN DEERE 6190J;TRATOR;1215875;FILTRO TRANSMISSAO
62203;JOHN DEERE 6190J;TRATOR;1215887;FILTRO HIDRAULICO
62203;JOHN DEERE 6190J;TRATOR;1234742;FILTRO AR INTERNO
62203;JOHN DEERE 6190J;TRATOR;1303934;FILTRO AR EXTERNO
62203;JOHN DEERE 6190J;TRATOR;1347299;FILTRO COMBUSTIVEL PORTA
62203;JOHN DEERE 6190J;TRATOR;1353720;FILTRO AR CONDICIONADO
62204;JOHN DEERE 7230J;TRATOR;921440;FILTRO LUBRIFICANTE
62204;JOHN DEERE 7230J;TRATOR;921452;FILTRO TRANSMISSAO
62204;JOHN DEERE 7230J;TRATOR;921476;FILTRO SEPARADOR
62204;JOHN DEERE 7230J;TRATOR;921490;FILTRO COMBUSTIVEL
62204;JOHN DEERE 7230J;TRATOR;1347299;FILTRO COMBUSTIVEL PORTA
62204;JOHN DEERE 7230J;TRATOR;1566118;FILTRO HIDRAULICO
62204;JOHN DEERE 7230J;TRATOR;1606130;FILTRO AR CONDICIONADO
62204;JOHN DEERE 7230J;TRATOR;1606256;FILTRO AR EXTERNO
62204;JOHN DEERE 7230J;TRATOR;1606402;FILTRO AR INTERNO
62204;JOHN DEERE 7230J;TRATOR;1606785;FILTRO AR CONDICIONADO 2°
62205;JOHN DEERE 5090E;TRATOR;921440;FILTRO LUBRIFICANTE
62205;JOHN DEERE 5090E;TRATOR;1176766;FILTRO COMBUSTIVEL
62205;JOHN DEERE 5090E;TRATOR;1231789;FILTRO TRANSMISSAO
62205;JOHN DEERE 5090E;TRATOR;1959979;FILTRO COMBUSTIVEL PORTA
62205;JOHN DEERE 5090E;TRATOR;2101245;FILTRO AR EXTERNO
62205;JOHN DEERE 5090E;TRATOR;2101221;FILTRO AR INTERNO
62205;JOHN DEERE 5090E;TRATOR;2108409;FILTRO HIDRAULICO
62205;JOHN DEERE 5090E;TRATOR;2129437;FILTRO AR CONDICIONADO
62205;JOHN DEERE 5090E;TRATOR;2129437;FILTRO AR CONDICIONADO
62205;JOHN DEERE 5090E;TRATOR;2130191;FILTRO AR CONDICIONADO 2°
62205;JOHN DEERE 5090E;TRATOR;2130191;FILTRO AR CONDICIONADO 2°
62206;JOHN DEERE 5090E;TRATOR;921440;FILTRO LUBRIFICANTE
62206;JOHN DEERE 5090E;TRATOR;1176766;FILTRO COMBUSTIVEL
62206;JOHN DEERE 5090E;TRATOR;1231789;FILTRO TRANSMISSAO
62206;JOHN DEERE 5090E;TRATOR;1959979;FILTRO COMBUSTIVEL PORTA
62206;JOHN DEERE 5090E;TRATOR;2101221;FILTRO AR INTERNO
62206;JOHN DEERE 5090E;TRATOR;2101245;FILTRO AR EXTERNO
62206;JOHN DEERE 5090E;TRATOR;2108409;FILTRO HIDRAULICO
62206;JOHN DEERE 5090E;TRATOR;2129437;FILTRO AR CONDICIONADO
62206;JOHN DEERE 5090E;TRATOR;2129437;FILTRO AR CONDICIONADO
62206;JOHN DEERE 5090E;TRATOR;2130191;FILTRO AR CONDICIONADO 2°
62206;JOHN DEERE 5090E;TRATOR;2130191;FILTRO AR CONDICIONADO 2°
62207;JOHN DEERE 5090E;TRATOR;921440;FILTRO LUBRIFICANTE
62207;JOHN DEERE 5090E;TRATOR;1176766;FILTRO COMBUSTIVEL
62207;JOHN DEERE 5090E;TRATOR;1231789;FILTRO TRANSMISSAO
62207;JOHN DEERE 5090E;TRATOR;1959979;FILTRO COMBUSTIVEL PORTA
62207;JOHN DEERE 5090E;TRATOR;2101221;FILTRO AR INTERNO
62207;JOHN DEERE 5090E;TRATOR;2101245;FILTRO AR EXTERNO
62207;JOHN DEERE 5090E;TRATOR;2108409;FILTRO HIDRAULICO
62207;JOHN DEERE 5090E;TRATOR;2129437;FILTRO AR CONDICIONADO
62207;JOHN DEERE 5090E;TRATOR;2129437;FILTRO AR CONDICIONADO
62207;JOHN DEERE 5090E;TRATOR;2130191;FILTRO AR CONDICIONADO 2°
62207;JOHN DEERE 5090E;TRATOR;2130191;FILTRO AR CONDICIONADO 2°
62208;JOHN DEERE 5080EN;TRATOR;1165367;FILTRO COMBUSTIVEL
62208;JOHN DEERE 5080EN;TRATOR;1231789;FILTRO TRANSMISSAO
62208;JOHN DEERE 5080EN;TRATOR;1416273;FILTRO AR EXTERNO
62208;JOHN DEERE 5080EN;TRATOR;1949871;FILTRO AR INTERNO
62208;JOHN DEERE 5080EN;TRATOR;2124490;FILTRO LUBRIFICANTE
62208;JOHN DEERE 5080EN;TRATOR;2129437;FILTRO AR CONDICIONADO
62208;JOHN DEERE 5080EN;TRATOR;2130191;FILTRO AR CONDICIONADO 2°
62209;JOHN DEERE 5080EN;TRATOR;1165367;FILTRO COMBUSTIVEL
62209;JOHN DEERE 5080EN;TRATOR;1231789;FILTRO TRANSMISSAO
62209;JOHN DEERE 5080EN;TRATOR;1416273;FILTRO AR EXTERNO
62209;JOHN DEERE 5080EN;TRATOR;1949871;FILTRO AR INTERNO
62209;JOHN DEERE 5080EN;TRATOR;2124490;FILTRO LUBRIFICANTE
62209;JOHN DEERE 5080EN;TRATOR;2129437;FILTRO AR CONDICIONADO
62209;JOHN DEERE 5080EN;TRATOR;2130191;FILTRO AR CONDICIONADO 2°
62210;JOHN DEERE 5080EN;TRATOR;1165367;FILTRO COMBUSTIVEL
62210;JOHN DEERE 5080EN;TRATOR;1231789;FILTRO TRANSMISSAO
62210;JOHN DEERE 5080EN;TRATOR;1416273;FILTRO AR EXTERNO
62210;JOHN DEERE 5080EN;TRATOR;1949871;FILTRO AR INTERNO
62210;JOHN DEERE 5080EN;TRATOR;2124490;FILTRO LUBRIFICANTE
62210;JOHN DEERE 5080EN;TRATOR;2129437;FILTRO AR CONDICIONADO
62210;JOHN DEERE 5080EN;TRATOR;2130191;FILTRO AR CONDICIONADO 2°
62211;VALTRA A950;TRATOR;761278;FILTRO HIDRAULICO
62211;VALTRA A950;TRATOR;1231303;FILTRO TRANSMISSAO
62211;VALTRA A950;TRATOR;1234754;FILTRO AR EXTERNO
62211;VALTRA A950;TRATOR;1340177;FILTRO AR INTERNO
62211;VALTRA A950;TRATOR;2258729;FILTRO LUBRIFICANTE
62211;VALTRA A950;TRATOR;2258742;FILTRO COMBUSTIVEL
62211;VALTRA A950;TRATOR;2258754;FILTRO SEPARADOR
62212;VALTRA A950;TRATOR;761278;FILTRO HIDRAULICO
62212;VALTRA A950;TRATOR;1231303;FILTRO TRANSMISSAO
62212;VALTRA A950;TRATOR;1234754;FILTRO AR EXTERNO
62212;VALTRA A950;TRATOR;1340177;FILTRO AR INTERNO
62212;VALTRA A950;TRATOR;2258729;FILTRO LUBRIFICANTE
62212;VALTRA A950;TRATOR;2258742;FILTRO COMBUSTIVEL
62212;VALTRA A950;TRATOR;2258754;FILTRO SEPARADOR
62213;VALTRA A950;TRATOR;761278;FILTRO HIDRAULICO
62213;VALTRA A950;TRATOR;1231303;FILTRO TRANSMISSAO
62213;VALTRA A950;TRATOR;1234754;FILTRO AR EXTERNO
62213;VALTRA A950;TRATOR;1340177;FILTRO AR INTERNO
62213;VALTRA A950;TRATOR;2258729;FILTRO LUBRIFICANTE
62213;VALTRA A950;TRATOR;2258742;FILTRO COMBUSTIVEL
62213;VALTRA A950;TRATOR;2258754;FILTRO SEPARADOR
62214;VALTRA A950;TRATOR;761278;FILTRO HIDRAULICO
62214;VALTRA A950;TRATOR;1231303;FILTRO TRANSMISSAO
62214;VALTRA A950;TRATOR;1234754;FILTRO AR EXTERNO
62214;VALTRA A950;TRATOR;1340177;FILTRO AR INTERNO
62214;VALTRA A950;TRATOR;2258729;FILTRO LUBRIFICANTE
62214;VALTRA A950;TRATOR;2258742;FILTRO COMBUSTIVEL
62214;VALTRA A950;TRATOR;2258754;FILTRO SEPARADOR
62215;JOHN DEERE 6190J;TRATOR;921440;FILTRO LUBRIFICANTE
62215;JOHN DEERE 6190J;TRATOR;921490;FILTRO COMBUSTIVEL
62215;JOHN DEERE 6190J;TRATOR;1215875;FILTRO TRANSMISSAO
62215;JOHN DEERE 6190J;TRATOR;1215887;FILTRO HIDRAULICO
62215;JOHN DEERE 6190J;TRATOR;1234742;FILTRO AR INTERNO
62215;JOHN DEERE 6190J;TRATOR;1303934;FILTRO AR EXTERNO
62215;JOHN DEERE 6190J;TRATOR;1347299;FILTRO COMBUSTIVEL PORTA
62215;JOHN DEERE 6190J;TRATOR;1353720;FILTRO AR CONDICIONADO
62216;JOHN DEERE 5090E;TRATOR;921440;FILTRO LUBRIFICANTE
62216;JOHN DEERE 5090E;TRATOR;1176766;FILTRO COMBUSTIVEL
62216;JOHN DEERE 5090E;TRATOR;1231789;FILTRO TRANSMISSAO
62216;JOHN DEERE 5090E;TRATOR;1959979;FILTRO COMBUSTIVEL PORTA
62216;JOHN DEERE 5090E;TRATOR;2101221;FILTRO AR INTERNO
62216;JOHN DEERE 5090E;TRATOR;2101245;FILTRO AR EXTERNO
62216;JOHN DEERE 5090E;TRATOR;2108409;FILTRO HIDRAULICO
62216;JOHN DEERE 5090E;TRATOR;2129437;FILTRO AR CONDICIONADO
62216;JOHN DEERE 5090E;TRATOR;2129437;FILTRO AR CONDICIONADO
62216;JOHN DEERE 5090E;TRATOR;2130191;FILTRO AR CONDICIONADO 2°
62216;JOHN DEERE 5090E;TRATOR;2130191;FILTRO AR CONDICIONADO 2°
62217;JOHN DEERE 6190J;TRATOR;921440;FILTRO LUBRIFICANTE
62217;JOHN DEERE 6190J;TRATOR;921490;FILTRO COMBUSTIVEL
62217;JOHN DEERE 6190J;TRATOR;1215875;FILTRO TRANSMISSAO
62217;JOHN DEERE 6190J;TRATOR;1215887;FILTRO HIDRAULICO
62217;JOHN DEERE 6190J;TRATOR;1234742;FILTRO AR INTERNO
62217;JOHN DEERE 6190J;TRATOR;1303934;FILTRO AR EXTERNO
62217;JOHN DEERE 6190J;TRATOR;1347299;FILTRO COMBUSTIVEL PORTA
62217;JOHN DEERE 6190J;TRATOR;1353720;FILTRO AR CONDICIONADO
62218;JOHN DEERE 7230J;TRATOR;921440;FILTRO LUBRIFICANTE
62218;JOHN DEERE 7230J;TRATOR;921452;FILTRO TRANSMISSAO
62218;JOHN DEERE 7230J;TRATOR;921476;FILTRO SEPARADOR
62218;JOHN DEERE 7230J;TRATOR;921490;FILTRO COMBUSTIVEL
62218;JOHN DEERE 7230J;TRATOR;1347299;FILTRO COMBUSTIVEL PORTA
62218;JOHN DEERE 7230J;TRATOR;1566118;FILTRO HIDRAULICO
62218;JOHN DEERE 7230J;TRATOR;1606130;FILTRO AR CONDICIONADO
62218;JOHN DEERE 7230J;TRATOR;1606256;FILTRO AR EXTERNO
62218;JOHN DEERE 7230J;TRATOR;1606402;FILTRO AR INTERNO
62218;JOHN DEERE 7230J;TRATOR;1606785;FILTRO AR CONDICIONADO 2°
62219;JOHN DEERE 7230J;TRATOR;921440;FILTRO LUBRIFICANTE
62219;JOHN DEERE 7230J;TRATOR;921452;FILTRO TRANSMISSAO
62219;JOHN DEERE 7230J;TRATOR;921476;FILTRO SEPARADOR
62219;JOHN DEERE 7230J;TRATOR;921490;FILTRO COMBUSTIVEL
62219;JOHN DEERE 7230J;TRATOR;1347299;FILTRO COMBUSTIVEL PORTA
62219;JOHN DEERE 7230J;TRATOR;1566118;FILTRO HIDRAULICO
62219;JOHN DEERE 7230J;TRATOR;1606130;FILTRO AR CONDICIONADO
62219;JOHN DEERE 7230J;TRATOR;1606256;FILTRO AR EXTERNO
62219;JOHN DEERE 7230J;TRATOR;1606402;FILTRO AR INTERNO
62219;JOHN DEERE 7230J;TRATOR;1606785;FILTRO AR CONDICIONADO 2°
62220;JOHN DEERE 6190J;TRATOR;921440;FILTRO LUBRIFICANTE
62220;JOHN DEERE 6190J;TRATOR;921490;FILTRO COMBUSTIVEL
62220;JOHN DEERE 6190J;TRATOR;1215875;FILTRO TRANSMISSAO
62220;JOHN DEERE 6190J;TRATOR;1215887;FILTRO HIDRAULICO
62220;JOHN DEERE 6190J;TRATOR;1234742;FILTRO AR INTERNO
62220;JOHN DEERE 6190J;TRATOR;1303934;FILTRO AR EXTERNO
62220;JOHN DEERE 6190J;TRATOR;1347299;FILTRO COMBUSTIVEL PORTA
62220;JOHN DEERE 6190J;TRATOR;1353720;FILTRO AR CONDICIONADO
62221;JOHN DEERE 5090E;TRATOR;921440;FILTRO LUBRIFICANTE
62221;JOHN DEERE 5090E;TRATOR;1176766;FILTRO COMBUSTIVEL
62221;JOHN DEERE 5090E;TRATOR;1231789;FILTRO TRANSMISSAO
62221;JOHN DEERE 5090E;TRATOR;1959979;FILTRO COMBUSTIVEL PORTA
62221;JOHN DEERE 5090E;TRATOR;2101221;FILTRO AR INTERNO
62221;JOHN DEERE 5090E;TRATOR;2101245;FILTRO AR EXTERNO
62221;JOHN DEERE 5090E;TRATOR;2108409;FILTRO HIDRAULICO
62221;JOHN DEERE 5090E;TRATOR;2129437;FILTRO AR CONDICIONADO
62221;JOHN DEERE 5090E;TRATOR;2129437;FILTRO AR CONDICIONADO
62221;JOHN DEERE 5090E;TRATOR;2130191;FILTRO AR CONDICIONADO 2°
62221;JOHN DEERE 5090E;TRATOR;2130191;FILTRO AR CONDICIONADO 2°
62222;JOHN DEERE 6190J;TRATOR;921440;FILTRO LUBRIFICANTE
62222;JOHN DEERE 6190J;TRATOR;921490;FILTRO COMBUSTIVEL
62222;JOHN DEERE 6190J;TRATOR;1215875;FILTRO TRANSMISSAO
62222;JOHN DEERE 6190J;TRATOR;1215887;FILTRO HIDRAULICO
62222;JOHN DEERE 6190J;TRATOR;1234742;FILTRO AR INTERNO
62222;JOHN DEERE 6190J;TRATOR;1303934;FILTRO AR EXTERNO
62222;JOHN DEERE 6190J;TRATOR;1347299;FILTRO COMBUSTIVEL PORTA
62222;JOHN DEERE 6190J;TRATOR;1353720;FILTRO AR CONDICIONADO
62223;JOHN DEERE 5090E;TRATOR;921440;FILTRO LUBRIFICANTE
62223;JOHN DEERE 5090E;TRATOR;1176766;FILTRO COMBUSTIVEL
62223;JOHN DEERE 5090E;TRATOR;1231789;FILTRO TRANSMISSAO
62223;JOHN DEERE 5090E;TRATOR;1959979;FILTRO COMBUSTIVEL PORTA
62223;JOHN DEERE 5090E;TRATOR;2101221;FILTRO AR INTERNO
62223;JOHN DEERE 5090E;TRATOR;2101245;FILTRO AR EXTERNO
62223;JOHN DEERE 5090E;TRATOR;2108409;FILTRO HIDRAULICO
62223;JOHN DEERE 5090E;TRATOR;2129437;FILTRO AR CONDICIONADO
62223;JOHN DEERE 5090E;TRATOR;2129437;FILTRO AR CONDICIONADO
62223;JOHN DEERE 5090E;TRATOR;2130191;FILTRO AR CONDICIONADO 2°
62223;JOHN DEERE 5090E;TRATOR;2130191;FILTRO AR CONDICIONADO 2°
62224;JOHN DEERE 5090E;TRATOR;921440;FILTRO LUBRIFICANTE
62224;JOHN DEERE 5090E;TRATOR;1176766;FILTRO COMBUSTIVEL
62224;JOHN DEERE 5090E;TRATOR;1231789;FILTRO TRANSMISSAO
62224;JOHN DEERE 5090E;TRATOR;1959979;FILTRO COMBUSTIVEL PORTA
62224;JOHN DEERE 5090E;TRATOR;2101221;FILTRO AR INTERNO
62224;JOHN DEERE 5090E;TRATOR;2101245;FILTRO AR EXTERNO
62224;JOHN DEERE 5090E;TRATOR;2108409;FILTRO HIDRAULICO
62224;JOHN DEERE 5090E;TRATOR;2129437;FILTRO AR CONDICIONADO
62224;JOHN DEERE 5090E;TRATOR;2129437;FILTRO AR CONDICIONADO
62224;JOHN DEERE 5090E;TRATOR;2130191;FILTRO AR CONDICIONADO 2°
62224;JOHN DEERE 5090E;TRATOR;2130191;FILTRO AR CONDICIONADO 2°
62225;JOHN DEERE 5090E;TRATOR;921440;FILTRO LUBRIFICANTE
62225;JOHN DEERE 5090E;TRATOR;1176766;FILTRO COMBUSTIVEL
62225;JOHN DEERE 5090E;TRATOR;1231789;FILTRO TRANSMISSAO
62225;JOHN DEERE 5090E;TRATOR;1959979;FILTRO COMBUSTIVEL PORTA
62225;JOHN DEERE 5090E;TRATOR;2101221;FILTRO AR INTERNO
62225;JOHN DEERE 5090E;TRATOR;2101245;FILTRO AR EXTERNO
62225;JOHN DEERE 5090E;TRATOR;2108409;FILTRO HIDRAULICO
62225;JOHN DEERE 5090E;TRATOR;2129437;FILTRO AR CONDICIONADO
62225;JOHN DEERE 5090E;TRATOR;2129437;FILTRO AR CONDICIONADO
62225;JOHN DEERE 5090E;TRATOR;2130191;FILTRO AR CONDICIONADO 2°
62225;JOHN DEERE 5090E;TRATOR;2130191;FILTRO AR CONDICIONADO 2°
62226;JOHN DEERE 5090E;TRATOR;921440;FILTRO LUBRIFICANTE
62226;JOHN DEERE 5090E;TRATOR;1176766;FILTRO COMBUSTIVEL
62226;JOHN DEERE 5090E;TRATOR;1231789;FILTRO TRANSMISSAO
62226;JOHN DEERE 5090E;TRATOR;1959979;FILTRO COMBUSTIVEL PORTA
62226;JOHN DEERE 5090E;TRATOR;2101221;FILTRO AR INTERNO
62226;JOHN DEERE 5090E;TRATOR;2101245;FILTRO AR EXTERNO
62226;JOHN DEERE 5090E;TRATOR;2108409;FILTRO HIDRAULICO
62226;JOHN DEERE 5090E;TRATOR;2129437;FILTRO AR CONDICIONADO
62226;JOHN DEERE 5090E;TRATOR;2129437;FILTRO AR CONDICIONADO
62226;JOHN DEERE 5090E;TRATOR;2130191;FILTRO AR CONDICIONADO 2°
62226;JOHN DEERE 5090E;TRATOR;2130191;FILTRO AR CONDICIONADO 2°
62227;JOHN DEERE 7230J;TRATOR;921440;FILTRO LUBRIFICANTE
62227;JOHN DEERE 7230J;TRATOR;921452;FILTRO TRANSMISSAO
62227;JOHN DEERE 7230J;TRATOR;921476;FILTRO SEPARADOR
62227;JOHN DEERE 7230J;TRATOR;921490;FILTRO COMBUSTIVEL
62227;JOHN DEERE 7230J;TRATOR;1347299;FILTRO COMBUSTIVEL PORTA
62227;JOHN DEERE 7230J;TRATOR;1566118;FILTRO HIDRAULICO
62227;JOHN DEERE 7230J;TRATOR;1606130;FILTRO AR CONDICIONADO
62227;JOHN DEERE 7230J;TRATOR;1606256;FILTRO AR EXTERNO
62227;JOHN DEERE 7230J;TRATOR;1606402;FILTRO AR INTERNO
62227;JOHN DEERE 7230J;TRATOR;1606785;FILTRO AR CONDICIONADO 2°
62228;JOHN DEERE 7230J;TRATOR;921440;FILTRO LUBRIFICANTE
62228;JOHN DEERE 7230J;TRATOR;921452;FILTRO TRANSMISSAO
62228;JOHN DEERE 7230J;TRATOR;921476;FILTRO SEPARADOR
62228;JOHN DEERE 7230J;TRATOR;921490;FILTRO COMBUSTIVEL
62228;JOHN DEERE 7230J;TRATOR;1347299;FILTRO COMBUSTIVEL PORTA
62228;JOHN DEERE 7230J;TRATOR;1566118;FILTRO HIDRAULICO
62228;JOHN DEERE 7230J;TRATOR;1606130;FILTRO AR CONDICIONADO
62228;JOHN DEERE 7230J;TRATOR;1606256;FILTRO AR EXTERNO
62228;JOHN DEERE 7230J;TRATOR;1606402;FILTRO AR INTERNO
62228;JOHN DEERE 7230J;TRATOR;1606785;FILTRO AR CONDICIONADO 2°
62229;JOHN DEERE 7230J;TRATOR;921440;FILTRO LUBRIFICANTE
62229;JOHN DEERE 7230J;TRATOR;921452;FILTRO TRANSMISSAO
62229;JOHN DEERE 7230J;TRATOR;921476;FILTRO SEPARADOR
62229;JOHN DEERE 7230J;TRATOR;921490;FILTRO COMBUSTIVEL
62229;JOHN DEERE 7230J;TRATOR;1347299;FILTRO COMBUSTIVEL PORTA
62229;JOHN DEERE 7230J;TRATOR;1566118;FILTRO HIDRAULICO
62229;JOHN DEERE 7230J;TRATOR;1606130;FILTRO AR CONDICIONADO
62229;JOHN DEERE 7230J;TRATOR;1606256;FILTRO AR EXTERNO
62229;JOHN DEERE 7230J;TRATOR;1606402;FILTRO AR INTERNO
62229;JOHN DEERE 7230J;TRATOR;1606785;FILTRO AR CONDICIONADO 2°
62230;VALTRA BH 224;TRATOR;852934;FILTRO HIDRAULICO
62230;VALTRA BH 224;TRATOR;862277;FILTRO AR CONDICIONADO
62230;VALTRA BH 224;TRATOR;1304665;FILTRO SEPARADOR
62230;VALTRA BH 224;TRATOR;1774153;FILTRO LUBRIFICANTE
62230;VALTRA BH 224;TRATOR;1774190;FILTRO AR EXTERNO
62230;VALTRA BH 224;TRATOR;1890207;FILTRO AR INTERNO
62230;VALTRA BH 224;TRATOR;2057580;FILTRO CAMBIO
62230;VALTRA BH 224;TRATOR;2057580;FILTRO CAMBIO
62230;VALTRA BH 224;TRATOR;2461079;FILTRO COMBUSTIVEL
62231;VALTRA BH 224;TRATOR;852934;FILTRO HIDRAULICO
62231;VALTRA BH 224;TRATOR;862277;FILTRO AR CONDICIONADO
62231;VALTRA BH 224;TRATOR;2258742;FILTRO SEPARADOR
62231;VALTRA BH 224;TRATOR;1774153;FILTRO LUBRIFICANTE
62231;VALTRA BH 224;TRATOR;1774190;FILTRO AR EXTERNO
62231;VALTRA BH 224;TRATOR;1890207;FILTRO AR INTERNO
62231;VALTRA BH 224;TRATOR;2057580;FILTRO CAMBIO
62231;VALTRA BH 224;TRATOR;2057580;FILTRO CAMBIO
62231;VALTRA BH 224;TRATOR;2461079;FILTRO COMBUSTIVEL
62232;JOHN DEERE 7230J;TRATOR;921440;FILTRO LUBRIFICANTE
62232;JOHN DEERE 7230J;TRATOR;921452;FILTRO TRANSMISSAO
62232;JOHN DEERE 7230J;TRATOR;921476;FILTRO SEPARADOR
62232;JOHN DEERE 7230J;TRATOR;921490;FILTRO COMBUSTIVEL
62232;JOHN DEERE 7230J;TRATOR;1347299;FILTRO COMBUSTIVEL PORTA
62232;JOHN DEERE 7230J;TRATOR;1566118;FILTRO HIDRAULICO
62232;JOHN DEERE 7230J;TRATOR;1606130;FILTRO AR CONDICIONADO
62232;JOHN DEERE 7230J;TRATOR;1606256;FILTRO AR EXTERNO
62232;JOHN DEERE 7230J;TRATOR;1606402;FILTRO AR INTERNO
62232;JOHN DEERE 7230J;TRATOR;1606785;FILTRO AR CONDICIONADO 2°
62233;JOHN DEERE 7230J;TRATOR;921440;FILTRO LUBRIFICANTE
62233;JOHN DEERE 7230J;TRATOR;921452;FILTRO TRANSMISSAO
62233;JOHN DEERE 7230J;TRATOR;921476;FILTRO SEPARADOR
62233;JOHN DEERE 7230J;TRATOR;921490;FILTRO COMBUSTIVEL
62233;JOHN DEERE 7230J;TRATOR;1347299;FILTRO COMBUSTIVEL PORTA
62233;JOHN DEERE 7230J;TRATOR;1566118;FILTRO HIDRAULICO
62233;JOHN DEERE 7230J;TRATOR;1606130;FILTRO AR CONDICIONADO
62233;JOHN DEERE 7230J;TRATOR;1606256;FILTRO AR EXTERNO
62233;JOHN DEERE 7230J;TRATOR;1606402;FILTRO AR INTERNO
62233;JOHN DEERE 7230J;TRATOR;1606785;FILTRO AR CONDICIONADO 2°
62234;JOHN DEERE 7230J;TRATOR;921440;FILTRO LUBRIFICANTE
62234;JOHN DEERE 7230J;TRATOR;921452;FILTRO TRANSMISSAO
62234;JOHN DEERE 7230J;TRATOR;921476;FILTRO SEPARADOR
62234;JOHN DEERE 7230J;TRATOR;921490;FILTRO COMBUSTIVEL
62234;JOHN DEERE 7230J;TRATOR;1347299;FILTRO COMBUSTIVEL PORTA
62234;JOHN DEERE 7230J;TRATOR;1566118;FILTRO HIDRAULICO
62234;JOHN DEERE 7230J;TRATOR;1606130;FILTRO AR CONDICIONADO
62234;JOHN DEERE 7230J;TRATOR;1606256;FILTRO AR EXTERNO
62234;JOHN DEERE 7230J;TRATOR;1606402;FILTRO AR INTERNO
62234;JOHN DEERE 7230J;TRATOR;1606785;FILTRO AR CONDICIONADO 2°
62235;JOHN DEERE 7230J;TRATOR;921440;FILTRO LUBRIFICANTE
62235;JOHN DEERE 7230J;TRATOR;921452;FILTRO TRANSMISSAO
62235;JOHN DEERE 7230J;TRATOR;921476;FILTRO SEPARADOR
62235;JOHN DEERE 7230J;TRATOR;921490;FILTRO COMBUSTIVEL
62235;JOHN DEERE 7230J;TRATOR;1347299;FILTRO COMBUSTIVEL PORTA
62235;JOHN DEERE 7230J;TRATOR;1566118;FILTRO HIDRAULICO
62235;JOHN DEERE 7230J;TRATOR;1606130;FILTRO AR CONDICIONADO
62235;JOHN DEERE 7230J;TRATOR;1606256;FILTRO AR EXTERNO
62235;JOHN DEERE 7230J;TRATOR;1606402;FILTRO AR INTERNO
62235;JOHN DEERE 7230J;TRATOR;1606785;FILTRO AR CONDICIONADO 2°
62236;JOHN DEERE 7230J;TRATOR;921440;FILTRO LUBRIFICANTE
62236;JOHN DEERE 7230J;TRATOR;921452;FILTRO TRANSMISSAO
62236;JOHN DEERE 7230J;TRATOR;921476;FILTRO SEPARADOR
62236;JOHN DEERE 7230J;TRATOR;921490;FILTRO COMBUSTIVEL
62236;JOHN DEERE 7230J;TRATOR;1347299;FILTRO COMBUSTIVEL PORTA
62236;JOHN DEERE 7230J;TRATOR;1566118;FILTRO HIDRAULICO
62236;JOHN DEERE 7230J;TRATOR;1606130;FILTRO AR CONDICIONADO
62236;JOHN DEERE 7230J;TRATOR;1606256;FILTRO AR EXTERNO
62236;JOHN DEERE 7230J;TRATOR;1606402;FILTRO AR INTERNO
62236;JOHN DEERE 7230J;TRATOR;1606785;FILTRO AR CONDICIONADO 2°
62237;JOHN DEERE 7230J;TRATOR;921440;FILTRO LUBRIFICANTE
62237;JOHN DEERE 7230J;TRATOR;921452;FILTRO TRANSMISSAO
62237;JOHN DEERE 7230J;TRATOR;921476;FILTRO SEPARADOR
62237;JOHN DEERE 7230J;TRATOR;921490;FILTRO COMBUSTIVEL
62237;JOHN DEERE 7230J;TRATOR;1347299;FILTRO COMBUSTIVEL PORTA
62237;JOHN DEERE 7230J;TRATOR;1566118;FILTRO HIDRAULICO
62237;JOHN DEERE 7230J;TRATOR;1606130;FILTRO AR CONDICIONADO
62237;JOHN DEERE 7230J;TRATOR;1606256;FILTRO AR EXTERNO
62237;JOHN DEERE 7230J;TRATOR;1606402;FILTRO AR INTERNO
62237;JOHN DEERE 7230J;TRATOR;1606785;FILTRO AR CONDICIONADO 2°
62238;JOHN DEERE 7230J;TRATOR;921440;FILTRO LUBRIFICANTE
62238;JOHN DEERE 7230J;TRATOR;921452;FILTRO TRANSMISSAO
62238;JOHN DEERE 7230J;TRATOR;921476;FILTRO SEPARADOR
62238;JOHN DEERE 7230J;TRATOR;921490;FILTRO COMBUSTIVEL
62238;JOHN DEERE 7230J;TRATOR;1347299;FILTRO COMBUSTIVEL PORTA
62238;JOHN DEERE 7230J;TRATOR;1566118;FILTRO HIDRAULICO
62238;JOHN DEERE 7230J;TRATOR;1606130;FILTRO AR CONDICIONADO
62238;JOHN DEERE 7230J;TRATOR;1606256;FILTRO AR EXTERNO
62238;JOHN DEERE 7230J;TRATOR;1606402;FILTRO AR INTERNO
62238;JOHN DEERE 7230J;TRATOR;1606785;FILTRO AR CONDICIONADO 2°
62239;JOHN DEERE 6190J;TRATOR;921440;FILTRO LUBRIFICANTE
62239;JOHN DEERE 6190J;TRATOR;921490;FILTRO COMBUSTIVEL
62239;JOHN DEERE 6190J;TRATOR;1215875;FILTRO TRANSMISSAO
62239;JOHN DEERE 6190J;TRATOR;1215887;FILTRO HIDRAULICO
62239;JOHN DEERE 6190J;TRATOR;1234742;FILTRO AR INTERNO
62239;JOHN DEERE 6190J;TRATOR;1303934;FILTRO AR EXTERNO
62239;JOHN DEERE 6190J;TRATOR;1347299;FILTRO COMBUSTIVEL PORTA
62239;JOHN DEERE 6190J;TRATOR;1353720;FILTRO AR CONDICIONADO
62240;JOHN DEERE 7230J;TRATOR;921440;FILTRO LUBRIFICANTE
62240;JOHN DEERE 7230J;TRATOR;921452;FILTRO TRANSMISSAO
62240;JOHN DEERE 7230J;TRATOR;921476;FILTRO SEPARADOR
62240;JOHN DEERE 7230J;TRATOR;921490;FILTRO COMBUSTIVEL
62240;JOHN DEERE 7230J;TRATOR;1347299;FILTRO COMBUSTIVEL PORTA
62240;JOHN DEERE 7230J;TRATOR;1566118;FILTRO HIDRAULICO
62240;JOHN DEERE 7230J;TRATOR;1606130;FILTRO AR CONDICIONADO
62240;JOHN DEERE 7230J;TRATOR;1606256;FILTRO AR EXTERNO
62240;JOHN DEERE 7230J;TRATOR;1606402;FILTRO AR INTERNO
62240;JOHN DEERE 7230J;TRATOR;1606785;FILTRO AR CONDICIONADO 2°
62241;JOHN DEERE 7230J;TRATOR;921440;FILTRO LUBRIFICANTE
62241;JOHN DEERE 7230J;TRATOR;921452;FILTRO TRANSMISSAO
62241;JOHN DEERE 7230J;TRATOR;921476;FILTRO SEPARADOR
62241;JOHN DEERE 7230J;TRATOR;921490;FILTRO COMBUSTIVEL
62241;JOHN DEERE 7230J;TRATOR;1347299;FILTRO COMBUSTIVEL PORTA
62241;JOHN DEERE 7230J;TRATOR;1566118;FILTRO HIDRAULICO
62241;JOHN DEERE 7230J;TRATOR;1606130;FILTRO AR CONDICIONADO
62241;JOHN DEERE 7230J;TRATOR;1606256;FILTRO AR EXTERNO
62241;JOHN DEERE 7230J;TRATOR;1606402;FILTRO AR INTERNO
62241;JOHN DEERE 7230J;TRATOR;1606785;FILTRO AR CONDICIONADO 2°
62242;JOHN DEERE 7230J;TRATOR;921440;FILTRO LUBRIFICANTE
62242;JOHN DEERE 7230J;TRATOR;921452;FILTRO TRANSMISSAO
62242;JOHN DEERE 7230J;TRATOR;921476;FILTRO SEPARADOR
62242;JOHN DEERE 7230J;TRATOR;921490;FILTRO COMBUSTIVEL
62242;JOHN DEERE 7230J;TRATOR;1347299;FILTRO COMBUSTIVEL PORTA
62242;JOHN DEERE 7230J;TRATOR;1566118;FILTRO HIDRAULICO
62242;JOHN DEERE 7230J;TRATOR;1606130;FILTRO AR CONDICIONADO
62242;JOHN DEERE 7230J;TRATOR;1606256;FILTRO AR EXTERNO
62242;JOHN DEERE 7230J;TRATOR;1606402;FILTRO AR INTERNO
62242;JOHN DEERE 7230J;TRATOR;1606785;FILTRO AR CONDICIONADO 2°
62243;JOHN DEERE 7230J;TRATOR;921440;FILTRO LUBRIFICANTE
62243;JOHN DEERE 7230J;TRATOR;921452;FILTRO TRANSMISSAO
62243;JOHN DEERE 7230J;TRATOR;921476;FILTRO SEPARADOR
62243;JOHN DEERE 7230J;TRATOR;921490;FILTRO COMBUSTIVEL
62243;JOHN DEERE 7230J;TRATOR;1347299;FILTRO COMBUSTIVEL PORTA
62243;JOHN DEERE 7230J;TRATOR;1566118;FILTRO HIDRAULICO
62243;JOHN DEERE 7230J;TRATOR;1606130;FILTRO AR CONDICIONADO
62243;JOHN DEERE 7230J;TRATOR;1606256;FILTRO AR EXTERNO
62243;JOHN DEERE 7230J;TRATOR;1606402;FILTRO AR INTERNO
62243;JOHN DEERE 7230J;TRATOR;1606785;FILTRO AR CONDICIONADO 2°
62244;JOHN DEERE 7230J;TRATOR;921440;FILTRO LUBRIFICANTE
62244;JOHN DEERE 7230J;TRATOR;921452;FILTRO TRANSMISSAO
62244;JOHN DEERE 7230J;TRATOR;921476;FILTRO SEPARADOR
62244;JOHN DEERE 7230J;TRATOR;921490;FILTRO COMBUSTIVEL
62244;JOHN DEERE 7230J;TRATOR;1347299;FILTRO COMBUSTIVEL PORTA
62244;JOHN DEERE 7230J;TRATOR;1566118;FILTRO HIDRAULICO
62244;JOHN DEERE 7230J;TRATOR;1606130;FILTRO AR CONDICIONADO
62244;JOHN DEERE 7230J;TRATOR;1606256;FILTRO AR EXTERNO
62244;JOHN DEERE 7230J;TRATOR;1606402;FILTRO AR INTERNO
62244;JOHN DEERE 7230J;TRATOR;1606785;FILTRO AR CONDICIONADO 2°
62245;JOHN DEERE 7230J;TRATOR;921440;FILTRO LUBRIFICANTE
62245;JOHN DEERE 7230J;TRATOR;921452;FILTRO TRANSMISSAO
62245;JOHN DEERE 7230J;TRATOR;921476;FILTRO SEPARADOR
62245;JOHN DEERE 7230J;TRATOR;921490;FILTRO COMBUSTIVEL
62245;JOHN DEERE 7230J;TRATOR;1347299;FILTRO COMBUSTIVEL PORTA
62245;JOHN DEERE 7230J;TRATOR;1566118;FILTRO HIDRAULICO
62245;JOHN DEERE 7230J;TRATOR;1606130;FILTRO AR CONDICIONADO
62245;JOHN DEERE 7230J;TRATOR;1606256;FILTRO AR EXTERNO
62245;JOHN DEERE 7230J;TRATOR;1606402;FILTRO AR INTERNO
62245;JOHN DEERE 7230J;TRATOR;1606785;FILTRO AR CONDICIONADO 2°
62246;JOHN DEERE 7230J;TRATOR;921440;FILTRO LUBRIFICANTE
62246;JOHN DEERE 7230J;TRATOR;921452;FILTRO TRANSMISSAO
62246;JOHN DEERE 7230J;TRATOR;921476;FILTRO SEPARADOR
62246;JOHN DEERE 7230J;TRATOR;921490;FILTRO COMBUSTIVEL
62246;JOHN DEERE 7230J;TRATOR;1347299;FILTRO COMBUSTIVEL PORTA
62246;JOHN DEERE 7230J;TRATOR;1566118;FILTRO HIDRAULICO
62246;JOHN DEERE 7230J;TRATOR;1606130;FILTRO AR CONDICIONADO
62246;JOHN DEERE 7230J;TRATOR;1606256;FILTRO AR EXTERNO
62246;JOHN DEERE 7230J;TRATOR;1606402;FILTRO AR INTERNO
62246;JOHN DEERE 7230J;TRATOR;1606785;FILTRO AR CONDICIONADO 2°
62247;JOHN DEERE 7230J;TRATOR;921440;FILTRO LUBRIFICANTE
62247;JOHN DEERE 7230J;TRATOR;921452;FILTRO TRANSMISSAO
62247;JOHN DEERE 7230J;TRATOR;921476;FILTRO SEPARADOR
62247;JOHN DEERE 7230J;TRATOR;921490;FILTRO COMBUSTIVEL
62247;JOHN DEERE 7230J;TRATOR;1347299;FILTRO COMBUSTIVEL PORTA
62247;JOHN DEERE 7230J;TRATOR;1566118;FILTRO HIDRAULICO
62247;JOHN DEERE 7230J;TRATOR;1606130;FILTRO AR CONDICIONADO
62247;JOHN DEERE 7230J;TRATOR;1606256;FILTRO AR EXTERNO
62247;JOHN DEERE 7230J;TRATOR;1606402;FILTRO AR INTERNO
62247;JOHN DEERE 7230J;TRATOR;1606785;FILTRO AR CONDICIONADO 2°
62248;JOHN DEERE 7230J;TRATOR;921440;FILTRO LUBRIFICANTE
62248;JOHN DEERE 7230J;TRATOR;921452;FILTRO TRANSMISSAO
62248;JOHN DEERE 7230J;TRATOR;921476;FILTRO SEPARADOR
62248;JOHN DEERE 7230J;TRATOR;921490;FILTRO COMBUSTIVEL
62248;JOHN DEERE 7230J;TRATOR;1347299;FILTRO COMBUSTIVEL PORTA
62248;JOHN DEERE 7230J;TRATOR;1566118;FILTRO HIDRAULICO
62248;JOHN DEERE 7230J;TRATOR;1606130;FILTRO AR CONDICIONADO
62248;JOHN DEERE 7230J;TRATOR;1606256;FILTRO AR EXTERNO
62248;JOHN DEERE 7230J;TRATOR;1606402;FILTRO AR INTERNO
62248;JOHN DEERE 7230J;TRATOR;1606785;FILTRO AR CONDICIONADO 2°
62249;JOHN DEERE 7230J;TRATOR;921440;FILTRO LUBRIFICANTE
62249;JOHN DEERE 7230J;TRATOR;921452;FILTRO TRANSMISSAO
62249;JOHN DEERE 7230J;TRATOR;921476;FILTRO SEPARADOR
62249;JOHN DEERE 7230J;TRATOR;921490;FILTRO COMBUSTIVEL
62249;JOHN DEERE 7230J;TRATOR;1347299;FILTRO COMBUSTIVEL PORTA
62249;JOHN DEERE 7230J;TRATOR;1566118;FILTRO HIDRAULICO
62249;JOHN DEERE 7230J;TRATOR;1606130;FILTRO AR CONDICIONADO
62249;JOHN DEERE 7230J;TRATOR;1606256;FILTRO AR EXTERNO
62249;JOHN DEERE 7230J;TRATOR;1606402;FILTRO AR INTERNO
62249;JOHN DEERE 7230J;TRATOR;1606785;FILTRO AR CONDICIONADO 2°
62250;JOHN DEERE 6190J;TRATOR;921440;FILTRO LUBRIFICANTE
62250;JOHN DEERE 6190J;TRATOR;921490;FILTRO COMBUSTIVEL
62250;JOHN DEERE 6190J;TRATOR;1215875;FILTRO TRANSMISSAO
62250;JOHN DEERE 6190J;TRATOR;1215887;FILTRO HIDRAULICO
62250;JOHN DEERE 6190J;TRATOR;1234742;FILTRO AR INTERNO
62250;JOHN DEERE 6190J;TRATOR;1303934;FILTRO AR EXTERNO
62250;JOHN DEERE 6190J;TRATOR;1347299;FILTRO COMBUSTIVEL PORTA
62250;JOHN DEERE 6190J;TRATOR;1353720;FILTRO AR CONDICIONADO
62251;JOHN DEERE 5090E;TRATOR;921440;FILTRO LUBRIFICANTE
62251;JOHN DEERE 5090E;TRATOR;1176766;FILTRO COMBUSTIVEL
62251;JOHN DEERE 5090E;TRATOR;1231789;FILTRO TRANSMISSAO
62251;JOHN DEERE 5090E;TRATOR;1959979;FILTRO COMBUSTIVEL PORTA
62251;JOHN DEERE 5090E;TRATOR;2101221;FILTRO AR INTERNO
62251;JOHN DEERE 5090E;TRATOR;2101245;FILTRO AR EXTERNO
62251;JOHN DEERE 5090E;TRATOR;2108409;FILTRO HIDRAULICO
62251;JOHN DEERE 5090E;TRATOR;2129437;FILTRO AR CONDICIONADO
62251;JOHN DEERE 5090E;TRATOR;2129437;FILTRO AR CONDICIONADO
62251;JOHN DEERE 5090E;TRATOR;2130191;FILTRO AR CONDICIONADO 2°
62251;JOHN DEERE 5090E;TRATOR;2130191;FILTRO AR CONDICIONADO 2°
62252;JOHN DEERE 7230J;TRATOR;921440;FILTRO LUBRIFICANTE
62252;JOHN DEERE 7230J;TRATOR;921452;FILTRO TRANSMISSAO
62252;JOHN DEERE 7230J;TRATOR;921476;FILTRO SEPARADOR
62252;JOHN DEERE 7230J;TRATOR;921490;FILTRO COMBUSTIVEL
62252;JOHN DEERE 7230J;TRATOR;1347299;FILTRO COMBUSTIVEL PORTA
62252;JOHN DEERE 7230J;TRATOR;1566118;FILTRO HIDRAULICO
62252;JOHN DEERE 7230J;TRATOR;1606130;FILTRO AR CONDICIONADO
62252;JOHN DEERE 7230J;TRATOR;1606256;FILTRO AR EXTERNO
62252;JOHN DEERE 7230J;TRATOR;1606402;FILTRO AR INTERNO
62252;JOHN DEERE 7230J;TRATOR;1606785;FILTRO AR CONDICIONADO 2°
62253;JOHN DEERE 6190J;TRATOR;921440;FILTRO LUBRIFICANTE
62253;JOHN DEERE 6190J;TRATOR;921490;FILTRO COMBUSTIVEL
62253;JOHN DEERE 6190J;TRATOR;1215875;FILTRO TRANSMISSAO
62253;JOHN DEERE 6190J;TRATOR;1215887;FILTRO HIDRAULICO
62253;JOHN DEERE 6190J;TRATOR;1234742;FILTRO AR INTERNO
62253;JOHN DEERE 6190J;TRATOR;1303934;FILTRO AR EXTERNO
62253;JOHN DEERE 6190J;TRATOR;1347299;FILTRO COMBUSTIVEL PORTA
62253;JOHN DEERE 6190J;TRATOR;1353720;FILTRO AR CONDICIONADO
62254;JOHN DEERE 6190J;TRATOR;921440;FILTRO LUBRIFICANTE
62254;JOHN DEERE 6190J;TRATOR;921490;FILTRO COMBUSTIVEL
62254;JOHN DEERE 6190J;TRATOR;1215875;FILTRO TRANSMISSAO
62254;JOHN DEERE 6190J;TRATOR;1215887;FILTRO HIDRAULICO
62254;JOHN DEERE 6190J;TRATOR;1234742;FILTRO AR INTERNO
62254;JOHN DEERE 6190J;TRATOR;1303934;FILTRO AR EXTERNO
62254;JOHN DEERE 6190J;TRATOR;1347299;FILTRO COMBUSTIVEL PORTA
62254;JOHN DEERE 6190J;TRATOR;1353720;FILTRO AR CONDICIONADO
62255;MASSEY FERGUSON 265;TRATOR;944440;FILTRO AR INTERNO
62255;MASSEY FERGUSON 265;TRATOR;1151757;FILTRO AR EXTERNO
62255;MASSEY FERGUSON 265;TRATOR;1158480;FILTRO COMBUSTIVEL
62255;MASSEY FERGUSON 265;TRATOR;1251697;FILTRO SEPARADOR
62255;MASSEY FERGUSON 265;TRATOR;1401968;FILTRO LUBRIFICANTE
62256;JOHN DEERE 6190J;TRATOR;921440;FILTRO LUBRIFICANTE
62256;JOHN DEERE 6190J;TRATOR;921490;FILTRO COMBUSTIVEL
62256;JOHN DEERE 6190J;TRATOR;1215875;FILTRO TRANSMISSAO
62256;JOHN DEERE 6190J;TRATOR;1215887;FILTRO HIDRAULICO
62256;JOHN DEERE 6190J;TRATOR;1234742;FILTRO AR INTERNO
62256;JOHN DEERE 6190J;TRATOR;1303934;FILTRO AR EXTERNO
62256;JOHN DEERE 6190J;TRATOR;1347299;FILTRO COMBUSTIVEL PORTA
62256;JOHN DEERE 6190J;TRATOR;1353720;FILTRO AR CONDICIONADO
62257;JOHN DEERE 6190J;TRATOR;921440;FILTRO LUBRIFICANTE
62257;JOHN DEERE 6190J;TRATOR;921490;FILTRO COMBUSTIVEL
62257;JOHN DEERE 6190J;TRATOR;1215875;FILTRO TRANSMISSAO
62257;JOHN DEERE 6190J;TRATOR;1215887;FILTRO HIDRAULICO
62257;JOHN DEERE 6190J;TRATOR;1234742;FILTRO AR INTERNO
62257;JOHN DEERE 6190J;TRATOR;1303934;FILTRO AR EXTERNO
62257;JOHN DEERE 6190J;TRATOR;1347299;FILTRO COMBUSTIVEL PORTA
62257;JOHN DEERE 6190J;TRATOR;1353720;FILTRO AR CONDICIONADO
62258;JOHN DEERE 5090E;TRATOR;921440;FILTRO LUBRIFICANTE
62258;JOHN DEERE 5090E;TRATOR;1176766;FILTRO COMBUSTIVEL
62258;JOHN DEERE 5090E;TRATOR;1231789;FILTRO TRANSMISSAO
62258;JOHN DEERE 5090E;TRATOR;1959979;FILTRO COMBUSTIVEL PORTA
62258;JOHN DEERE 5090E;TRATOR;2101221;FILTRO AR INTERNO
62258;JOHN DEERE 5090E;TRATOR;2101245;FILTRO AR EXTERNO
62258;JOHN DEERE 5090E;TRATOR;2108409;FILTRO HIDRAULICO
62258;JOHN DEERE 5090E;TRATOR;2129437;FILTRO AR CONDICIONADO
62258;JOHN DEERE 5090E;TRATOR;2129437;FILTRO AR CONDICIONADO
62258;JOHN DEERE 5090E;TRATOR;2130191;FILTRO AR CONDICIONADO 2°
62258;JOHN DEERE 5090E;TRATOR;2130191;FILTRO AR CONDICIONADO 2°
62259;JOHN DEERE 6190J;TRATOR;921440;FILTRO LUBRIFICANTE
62259;JOHN DEERE 6190J;TRATOR;921490;FILTRO COMBUSTIVEL
62259;JOHN DEERE 6190J;TRATOR;1215875;FILTRO TRANSMISSAO
62259;JOHN DEERE 6190J;TRATOR;1215887;FILTRO HIDRAULICO
62259;JOHN DEERE 6190J;TRATOR;1234742;FILTRO AR INTERNO
62259;JOHN DEERE 6190J;TRATOR;1303934;FILTRO AR EXTERNO
62259;JOHN DEERE 6190J;TRATOR;1347299;FILTRO COMBUSTIVEL PORTA
62259;JOHN DEERE 6190J;TRATOR;1353720;FILTRO AR CONDICIONADO
62260;JOHN DEERE 6190J;TRATOR;921440;FILTRO LUBRIFICANTE
62260;JOHN DEERE 6190J;TRATOR;921490;FILTRO COMBUSTIVEL
62260;JOHN DEERE 6190J;TRATOR;1215875;FILTRO TRANSMISSAO
62260;JOHN DEERE 6190J;TRATOR;1215887;FILTRO HIDRAULICO
62260;JOHN DEERE 6190J;TRATOR;1234742;FILTRO AR INTERNO
62260;JOHN DEERE 6190J;TRATOR;1303934;FILTRO AR EXTERNO
62260;JOHN DEERE 6190J;TRATOR;1347299;FILTRO COMBUSTIVEL PORTA
62260;JOHN DEERE 6190J;TRATOR;1353720;FILTRO AR CONDICIONADO
62261;JOHN DEERE 5090E;TRATOR;921440;FILTRO LUBRIFICANTE
62261;JOHN DEERE 5090E;TRATOR;1176766;FILTRO COMBUSTIVEL
62261;JOHN DEERE 5090E;TRATOR;1231789;FILTRO TRANSMISSAO
62261;JOHN DEERE 5090E;TRATOR;1959979;FILTRO COMBUSTIVEL PORTA
62261;JOHN DEERE 5090E;TRATOR;2101221;FILTRO AR INTERNO
62261;JOHN DEERE 5090E;TRATOR;2101245;FILTRO AR EXTERNO
62261;JOHN DEERE 5090E;TRATOR;2108409;FILTRO HIDRAULICO
62261;JOHN DEERE 5090E;TRATOR;2129437;FILTRO AR CONDICIONADO
62261;JOHN DEERE 5090E;TRATOR;2129437;FILTRO AR CONDICIONADO
62261;JOHN DEERE 5090E;TRATOR;2130191;FILTRO AR CONDICIONADO 2°
62261;JOHN DEERE 5090E;TRATOR;2130191;FILTRO AR CONDICIONADO 2°
62262;VALTRA BH 194;TRATOR;1304665;FILTRO SEPARADOR
62262;VALTRA BH 194;TRATOR;1774153;FILTRO LUBRIFICANTE
62262;VALTRA BH 194;TRATOR;1774190;FILTRO AR EXTERNO
62262;VALTRA BH 194;TRATOR;1774219;FILTRO TRANSMISSAO
62262;VALTRA BH 194;TRATOR;862277;FILTRO AR CONDICIONADO
62262;VALTRA BH 194;TRATOR;1890207;FILTRO AR INTERNO
62262;VALTRA BH 194;TRATOR;1890219;FILTRO TRANSMISSAO
62262;VALTRA BH 194;TRATOR;1890852;FILTRO COMBUSTIVEL PORTA
62262;VALTRA BH 194;TRATOR;1890906;FILTRO HIDRAULICO
62262;VALTRA BH 194;TRATOR;2057580;FILTRO CAMBIO
62262;VALTRA BH 194;TRATOR;2258742;FILTRO COMBUSTIVEL
62263;JOHN DEERE 7M230;TRATOR TRANSBORDO;883797;FILTRO TRANSMISSAO
62263;JOHN DEERE 7M230;TRATOR TRANSBORDO;921440;FILTRO LUBRIFICANTE
62263;JOHN DEERE 7M230;TRATOR TRANSBORDO;921476;FILTRO SEPARADOR
62263;JOHN DEERE 7M230;TRATOR TRANSBORDO;921490;FILTRO COMBUSTIVEL
62263;JOHN DEERE 7M230;TRATOR TRANSBORDO;1347299;FILTRO COMBUSTIVEL PORTA
62263;JOHN DEERE 7M230;TRATOR TRANSBORDO;1566118;FILTRO HIDRAULICO
62263;JOHN DEERE 7M230;TRATOR TRANSBORDO;1566118;FILTRO HIDRAULICO
62263;JOHN DEERE 7M230;TRATOR TRANSBORDO;1606256;FILTRO AR EXTERNO
62263;JOHN DEERE 7M230;TRATOR TRANSBORDO;1606402;FILTRO AR INTERNO
62263;JOHN DEERE 7M230;TRATOR TRANSBORDO;1606785;FILTRO AR CONDICIONADO 2°
62263;JOHN DEERE 7M230;TRATOR TRANSBORDO;2278728;FILTRO AR CONDICIONADO
62264;JOHN DEERE 7M230;TRATOR;883797;FILTRO TRANSMISSAO
62264;JOHN DEERE 7M230;TRATOR;921440;FILTRO LUBRIFICANTE
62264;JOHN DEERE 7M230;TRATOR;921476;FILTRO SEPARADOR
62264;JOHN DEERE 7M230;TRATOR;921490;FILTRO COMBUSTIVEL
62264;JOHN DEERE 7M230;TRATOR;1347299;FILTRO COMBUSTIVEL PORTA
62264;JOHN DEERE 7M230;TRATOR;1566118;FILTRO HIDRAULICO
62264;JOHN DEERE 7M230;TRATOR;1566118;FILTRO HIDRAULICO
62264;JOHN DEERE 7M230;TRATOR;1606256;FILTRO AR EXTERNO
62264;JOHN DEERE 7M230;TRATOR;1606402;FILTRO AR INTERNO
62264;JOHN DEERE 7M230;TRATOR;1606785;FILTRO AR CONDICIONADO 2°
62264;JOHN DEERE 7M230;TRATOR;2278728;FILTRO AR CONDICIONADO
62265;JOHN DEERE 7M230;TRATOR;883797;FILTRO TRANSMISSAO
62265;JOHN DEERE 7M230;TRATOR;921440;FILTRO LUBRIFICANTE
62265;JOHN DEERE 7M230;TRATOR;921476;FILTRO SEPARADOR
62265;JOHN DEERE 7M230;TRATOR;921490;FILTRO COMBUSTIVEL
62265;JOHN DEERE 7M230;TRATOR;1347299;FILTRO COMBUSTIVEL PORTA
62265;JOHN DEERE 7M230;TRATOR;1566118;FILTRO HIDRAULICO
62265;JOHN DEERE 7M230;TRATOR;1566118;FILTRO HIDRAULICO
62265;JOHN DEERE 7M230;TRATOR;1606256;FILTRO AR EXTERNO
62265;JOHN DEERE 7M230;TRATOR;1606402;FILTRO AR INTERNO
62265;JOHN DEERE 7M230;TRATOR;1606785;FILTRO AR CONDICIONADO 2°
62265;JOHN DEERE 7M230;TRATOR;2278728;FILTRO AR CONDICIONADO
62266;JOHN DEERE 7M230;TRATOR;2607372;FILTRO TRANSMISSAO
62266;JOHN DEERE 7M230;TRATOR;921440;FILTRO LUBRIFICANTE
62266;JOHN DEERE 7M230;TRATOR;921476;FILTRO SEPARADOR
62266;JOHN DEERE 7M230;TRATOR;2575358;FILTRO COMBUSTIVEL
62266;JOHN DEERE 7M230;TRATOR;1347299;FILTRO COMBUSTIVEL PORTA
62266;JOHN DEERE 7M230;TRATOR;1566118;FILTRO HIDRAULICO
62266;JOHN DEERE 7M230;TRATOR;1566118;FILTRO HIDRAULICO
62266;JOHN DEERE 7M230;TRATOR;1606256;FILTRO AR EXTERNO
62266;JOHN DEERE 7M230;TRATOR;1606402;FILTRO AR INTERNO
62266;JOHN DEERE 7M230;TRATOR;1606785;FILTRO AR CONDICIONADO 2°
62266;JOHN DEERE 7M230;TRATOR;2278728;FILTRO AR CONDICIONADO
62500;JOHN DEERE CH570;COLHEDORA;1019132;FILTRO COMBUSTIVEL
62500;JOHN DEERE CH570;COLHEDORA;1064174;FILTRO AR EXTERNO
62500;JOHN DEERE CH570;COLHEDORA;1064198;FILTRO AR INTERNO
62500;JOHN DEERE CH570;COLHEDORA;1072869;FILTRO AR CONDICIONADO
62500;JOHN DEERE CH570;COLHEDORA;1072870;FILTRO AR CONDICIONADO 2°
62500;JOHN DEERE CH570;COLHEDORA;1135867;FILTRO LUBRIFICANTE
62500;JOHN DEERE CH570;COLHEDORA;1190301;FILTRO HIDRAULICO
62500;JOHN DEERE CH570;COLHEDORA;1190301;FILTRO HIDRAULICO
62500;JOHN DEERE CH570;COLHEDORA;1190301;FILTRO HIDRAULICO
62500;JOHN DEERE CH570;COLHEDORA;2130312;FILTRO COMBUSTIVEL PORTA
62502;JOHN DEERE CH570;COLHEDORA;1019132;FILTRO COMBUSTIVEL
62502;JOHN DEERE CH570;COLHEDORA;1064174;FILTRO AR EXTERNO
62502;JOHN DEERE CH570;COLHEDORA;1064198;FILTRO AR INTERNO
62502;JOHN DEERE CH570;COLHEDORA;1072869;FILTRO AR CONDICIONADO
62502;JOHN DEERE CH570;COLHEDORA;1072870;FILTRO AR CONDICIONADO 2°
62502;JOHN DEERE CH570;COLHEDORA;1135867;FILTRO LUBRIFICANTE
62502;JOHN DEERE CH570;COLHEDORA;1190301;FILTRO HIDRAULICO
62502;JOHN DEERE CH570;COLHEDORA;1190301;FILTRO HIDRAULICO
62502;JOHN DEERE CH570;COLHEDORA;1190301;FILTRO HIDRAULICO
62502;JOHN DEERE CH570;COLHEDORA;2130312;FILTRO COMBUSTIVEL PORTA
62503;JOHN DEERE CH570;COLHEDORA;1019132;FILTRO COMBUSTIVEL
62503;JOHN DEERE CH570;COLHEDORA;1064174;FILTRO AR EXTERNO
62503;JOHN DEERE CH570;COLHEDORA;1064198;FILTRO AR INTERNO
62503;JOHN DEERE CH570;COLHEDORA;1072869;FILTRO AR CONDICIONADO
62503;JOHN DEERE CH570;COLHEDORA;1072870;FILTRO AR CONDICIONADO 2°
62503;JOHN DEERE CH570;COLHEDORA;1135867;FILTRO LUBRIFICANTE
62503;JOHN DEERE CH570;COLHEDORA;1190301;FILTRO HIDRAULICO
62503;JOHN DEERE CH570;COLHEDORA;1190301;FILTRO HIDRAULICO
62503;JOHN DEERE CH570;COLHEDORA;1190301;FILTRO HIDRAULICO
62503;JOHN DEERE CH570;COLHEDORA;2130312;FILTRO COMBUSTIVEL PORTA
62504;JOHN DEERE CH570;COLHEDORA;1019132;FILTRO COMBUSTIVEL
62504;JOHN DEERE CH570;COLHEDORA;1064174;FILTRO AR EXTERNO
62504;JOHN DEERE CH570;COLHEDORA;1064198;FILTRO AR INTERNO
62504;JOHN DEERE CH570;COLHEDORA;1072869;FILTRO AR CONDICIONADO
62504;JOHN DEERE CH570;COLHEDORA;1072870;FILTRO AR CONDICIONADO 2°
62504;JOHN DEERE CH570;COLHEDORA;1135867;FILTRO LUBRIFICANTE
62504;JOHN DEERE CH570;COLHEDORA;1190301;FILTRO HIDRAULICO
62504;JOHN DEERE CH570;COLHEDORA;1190301;FILTRO HIDRAULICO
62504;JOHN DEERE CH570;COLHEDORA;1190301;FILTRO HIDRAULICO
62504;JOHN DEERE CH570;COLHEDORA;2130312;FILTRO COMBUSTIVEL PORTA
62505;JOHN DEERE CH570;COLHEDORA;1019132;FILTRO COMBUSTIVEL
62505;JOHN DEERE CH570;COLHEDORA;1064174;FILTRO AR EXTERNO
62505;JOHN DEERE CH570;COLHEDORA;1064198;FILTRO AR INTERNO
62505;JOHN DEERE CH570;COLHEDORA;1072869;FILTRO AR CONDICIONADO
62505;JOHN DEERE CH570;COLHEDORA;1072870;FILTRO AR CONDICIONADO 2°
62505;JOHN DEERE CH570;COLHEDORA;1135867;FILTRO LUBRIFICANTE
62505;JOHN DEERE CH570;COLHEDORA;1190301;FILTRO HIDRAULICO
62505;JOHN DEERE CH570;COLHEDORA;1190301;FILTRO HIDRAULICO
62505;JOHN DEERE CH570;COLHEDORA;1190301;FILTRO HIDRAULICO
62505;JOHN DEERE CH570;COLHEDORA;2130312;FILTRO COMBUSTIVEL PORTA
62506;JOHN DEERE CH570;COLHEDORA;1019132;FILTRO COMBUSTIVEL
62506;JOHN DEERE CH570;COLHEDORA;1064174;FILTRO AR EXTERNO
62506;JOHN DEERE CH570;COLHEDORA;1064198;FILTRO AR INTERNO
62506;JOHN DEERE CH570;COLHEDORA;1072869;FILTRO AR CONDICIONADO
62506;JOHN DEERE CH570;COLHEDORA;1072870;FILTRO AR CONDICIONADO 2°
62506;JOHN DEERE CH570;COLHEDORA;1135867;FILTRO LUBRIFICANTE
62506;JOHN DEERE CH570;COLHEDORA;1190301;FILTRO HIDRAULICO
62506;JOHN DEERE CH570;COLHEDORA;1190301;FILTRO HIDRAULICO
62506;JOHN DEERE CH570;COLHEDORA;1190301;FILTRO HIDRAULICO
62506;JOHN DEERE CH570;COLHEDORA;2130312;FILTRO COMBUSTIVEL PORTA
62507;JOHN DEERE CH570;COLHEDORA;1019132;FILTRO COMBUSTIVEL
62507;JOHN DEERE CH570;COLHEDORA;1064174;FILTRO AR EXTERNO
62507;JOHN DEERE CH570;COLHEDORA;1064198;FILTRO AR INTERNO
62507;JOHN DEERE CH570;COLHEDORA;1072869;FILTRO AR CONDICIONADO
62507;JOHN DEERE CH570;COLHEDORA;1072870;FILTRO AR CONDICIONADO 2°
62507;JOHN DEERE CH570;COLHEDORA;1135867;FILTRO LUBRIFICANTE
62507;JOHN DEERE CH570;COLHEDORA;1190301;FILTRO HIDRAULICO
62507;JOHN DEERE CH570;COLHEDORA;1190301;FILTRO HIDRAULICO
62507;JOHN DEERE CH570;COLHEDORA;1190301;FILTRO HIDRAULICO
62507;JOHN DEERE CH570;COLHEDORA;2130312;FILTRO COMBUSTIVEL PORTA
62508;JOHN DEERE CH570;COLHEDORA;1019132;FILTRO COMBUSTIVEL
62508;JOHN DEERE CH570;COLHEDORA;1064174;FILTRO AR EXTERNO
62508;JOHN DEERE CH570;COLHEDORA;1064198;FILTRO AR INTERNO
62508;JOHN DEERE CH570;COLHEDORA;1072869;FILTRO AR CONDICIONADO
62508;JOHN DEERE CH570;COLHEDORA;1072870;FILTRO AR CONDICIONADO 2°
62508;JOHN DEERE CH570;COLHEDORA;1135867;FILTRO LUBRIFICANTE
62508;JOHN DEERE CH570;COLHEDORA;1190301;FILTRO HIDRAULICO
62508;JOHN DEERE CH570;COLHEDORA;1190301;FILTRO HIDRAULICO
62508;JOHN DEERE CH570;COLHEDORA;1190301;FILTRO HIDRAULICO
62508;JOHN DEERE CH570;COLHEDORA;2130312;FILTRO COMBUSTIVEL PORTA
62509;JOHN DEERE CH570;COLHEDORA;1019132;FILTRO COMBUSTIVEL
62509;JOHN DEERE CH570;COLHEDORA;1064174;FILTRO AR EXTERNO
62509;JOHN DEERE CH570;COLHEDORA;1064198;FILTRO AR INTERNO
62509;JOHN DEERE CH570;COLHEDORA;1072869;FILTRO AR CONDICIONADO
62509;JOHN DEERE CH570;COLHEDORA;1072870;FILTRO AR CONDICIONADO 2°
62509;JOHN DEERE CH570;COLHEDORA;1135867;FILTRO LUBRIFICANTE
62509;JOHN DEERE CH570;COLHEDORA;1190301;FILTRO HIDRAULICO
62509;JOHN DEERE CH570;COLHEDORA;1190301;FILTRO HIDRAULICO
62509;JOHN DEERE CH570;COLHEDORA;1190301;FILTRO HIDRAULICO
62509;JOHN DEERE CH570;COLHEDORA;2130312;FILTRO COMBUSTIVEL PORTA
62510;JOHN DEERE CH570;COLHEDORA;1019132;FILTRO COMBUSTIVEL
62510;JOHN DEERE CH570;COLHEDORA;1064174;FILTRO AR EXTERNO
62510;JOHN DEERE CH570;COLHEDORA;1064198;FILTRO AR INTERNO
62510;JOHN DEERE CH570;COLHEDORA;1072869;FILTRO AR CONDICIONADO
62510;JOHN DEERE CH570;COLHEDORA;1072870;FILTRO AR CONDICIONADO 2°
62510;JOHN DEERE CH570;COLHEDORA;1135867;FILTRO LUBRIFICANTE
62510;JOHN DEERE CH570;COLHEDORA;1190301;FILTRO HIDRAULICO
62510;JOHN DEERE CH570;COLHEDORA;1190301;FILTRO HIDRAULICO
62510;JOHN DEERE CH570;COLHEDORA;1190301;FILTRO HIDRAULICO
62510;JOHN DEERE CH570;COLHEDORA;2130312;FILTRO COMBUSTIVEL PORTA
62511;JOHN DEERE CH570;COLHEDORA;1019132;FILTRO COMBUSTIVEL
62511;JOHN DEERE CH570;COLHEDORA;1064149;FILTRO SEPARADOR
62511;JOHN DEERE CH570;COLHEDORA;1064174;FILTRO AR EXTERNO
62511;JOHN DEERE CH570;COLHEDORA;1064198;FILTRO AR INTERNO
62511;JOHN DEERE CH570;COLHEDORA;1072869;FILTRO AR CONDICIONADO
62511;JOHN DEERE CH570;COLHEDORA;1072870;FILTRO AR CONDICIONADO 2°
62511;JOHN DEERE CH570;COLHEDORA;1135867;FILTRO LUBRIFICANTE
62511;JOHN DEERE CH570;COLHEDORA;1190301;FILTRO HIDRAULICO
62511;JOHN DEERE CH570;COLHEDORA;1190301;FILTRO HIDRAULICO
62511;JOHN DEERE CH570;COLHEDORA;1190301;FILTRO HIDRAULICO
62512;JOHN DEERE CH570;COLHEDORA;1019132;FILTRO COMBUSTIVEL
62512;JOHN DEERE CH570;COLHEDORA;1064149;FILTRO SEPARADOR
62512;JOHN DEERE CH570;COLHEDORA;1064174;FILTRO AR EXTERNO
62512;JOHN DEERE CH570;COLHEDORA;1064198;FILTRO AR INTERNO
62512;JOHN DEERE CH570;COLHEDORA;1072869;FILTRO AR CONDICIONADO
62512;JOHN DEERE CH570;COLHEDORA;1072870;FILTRO AR CONDICIONADO 2°
62512;JOHN DEERE CH570;COLHEDORA;1135867;FILTRO LUBRIFICANTE
62512;JOHN DEERE CH570;COLHEDORA;1190301;FILTRO HIDRAULICO
62512;JOHN DEERE CH570;COLHEDORA;1190301;FILTRO HIDRAULICO
62512;JOHN DEERE CH570;COLHEDORA;1190301;FILTRO HIDRAULICO
62513;JOHN DEERE CH570;COLHEDORA;1019132;FILTRO COMBUSTIVEL
62513;JOHN DEERE CH570;COLHEDORA;1064149;FILTRO SEPARADOR
62513;JOHN DEERE CH570;COLHEDORA;1064174;FILTRO AR EXTERNO
62513;JOHN DEERE CH570;COLHEDORA;1064198;FILTRO AR INTERNO
62513;JOHN DEERE CH570;COLHEDORA;1072869;FILTRO AR CONDICIONADO
62513;JOHN DEERE CH570;COLHEDORA;1072870;FILTRO AR CONDICIONADO 2°
62513;JOHN DEERE CH570;COLHEDORA;1135867;FILTRO LUBRIFICANTE
62513;JOHN DEERE CH570;COLHEDORA;1190301;FILTRO HIDRAULICO
62513;JOHN DEERE CH570;COLHEDORA;1190301;FILTRO HIDRAULICO
62513;JOHN DEERE CH570;COLHEDORA;1190301;FILTRO HIDRAULICO
62514;JOHN DEERE CH570;COLHEDORA;1019132;FILTRO COMBUSTIVEL
62514;JOHN DEERE CH570;COLHEDORA;1064149;FILTRO SEPARADOR
62514;JOHN DEERE CH570;COLHEDORA;1064174;FILTRO AR EXTERNO
62514;JOHN DEERE CH570;COLHEDORA;1064198;FILTRO AR INTERNO
62514;JOHN DEERE CH570;COLHEDORA;1072869;FILTRO AR CONDICIONADO
62514;JOHN DEERE CH570;COLHEDORA;1072870;FILTRO AR CONDICIONADO 2°
62514;JOHN DEERE CH570;COLHEDORA;1135867;FILTRO LUBRIFICANTE
62514;JOHN DEERE CH570;COLHEDORA;1190301;FILTRO HIDRAULICO
62514;JOHN DEERE CH570;COLHEDORA;1190301;FILTRO HIDRAULICO
62514;JOHN DEERE CH570;COLHEDORA;1190301;FILTRO HIDRAULICO
62515;JOHN DEERE CH570;COLHEDORA;1019132;FILTRO COMBUSTIVEL
62515;JOHN DEERE CH570;COLHEDORA;1064149;FILTRO SEPARADOR
62515;JOHN DEERE CH570;COLHEDORA;1064174;FILTRO AR EXTERNO
62515;JOHN DEERE CH570;COLHEDORA;1064198;FILTRO AR INTERNO
62515;JOHN DEERE CH570;COLHEDORA;1072869;FILTRO AR CONDICIONADO
62515;JOHN DEERE CH570;COLHEDORA;1072870;FILTRO AR CONDICIONADO 2°
62515;JOHN DEERE CH570;COLHEDORA;1135867;FILTRO LUBRIFICANTE
62515;JOHN DEERE CH570;COLHEDORA;1190301;FILTRO HIDRAULICO
62515;JOHN DEERE CH570;COLHEDORA;1190301;FILTRO HIDRAULICO
62515;JOHN DEERE CH570;COLHEDORA;1190301;FILTRO HIDRAULICO
62516;JOHN DEERE CH570;COLHEDORA;1019132;FILTRO COMBUSTIVEL
62516;JOHN DEERE CH570;COLHEDORA;1064149;FILTRO SEPARADOR
62516;JOHN DEERE CH570;COLHEDORA;1064174;FILTRO AR EXTERNO
62516;JOHN DEERE CH570;COLHEDORA;1064198;FILTRO AR INTERNO
62516;JOHN DEERE CH570;COLHEDORA;1072869;FILTRO AR CONDICIONADO
62516;JOHN DEERE CH570;COLHEDORA;1072870;FILTRO AR CONDICIONADO 2°
62516;JOHN DEERE CH570;COLHEDORA;1135867;FILTRO LUBRIFICANTE
62516;JOHN DEERE CH570;COLHEDORA;1190301;FILTRO HIDRAULICO
62516;JOHN DEERE CH570;COLHEDORA;1190301;FILTRO HIDRAULICO
62516;JOHN DEERE CH570;COLHEDORA;1190301;FILTRO HIDRAULICO
62517;JOHN DEERE CH570;COLHEDORA;1019132;FILTRO COMBUSTIVEL
62517;JOHN DEERE CH570;COLHEDORA;1064149;FILTRO SEPARADOR
62517;JOHN DEERE CH570;COLHEDORA;1064174;FILTRO AR EXTERNO
62517;JOHN DEERE CH570;COLHEDORA;1064198;FILTRO AR INTERNO
62517;JOHN DEERE CH570;COLHEDORA;1072869;FILTRO AR CONDICIONADO
62517;JOHN DEERE CH570;COLHEDORA;1072870;FILTRO AR CONDICIONADO 2°
62517;JOHN DEERE CH570;COLHEDORA;1135867;FILTRO LUBRIFICANTE
62517;JOHN DEERE CH570;COLHEDORA;1190301;FILTRO HIDRAULICO
62517;JOHN DEERE CH570;COLHEDORA;1190301;FILTRO HIDRAULICO
62517;JOHN DEERE CH570;COLHEDORA;1190301;FILTRO HIDRAULICO
62518;JOHN DEERE CH570;COLHEDORA;1019132;FILTRO COMBUSTIVEL
62518;JOHN DEERE CH570;COLHEDORA;1064149;FILTRO SEPARADOR
62518;JOHN DEERE CH570;COLHEDORA;1064174;FILTRO AR EXTERNO
62518;JOHN DEERE CH570;COLHEDORA;1064198;FILTRO AR INTERNO
62518;JOHN DEERE CH570;COLHEDORA;1072869;FILTRO AR CONDICIONADO
62518;JOHN DEERE CH570;COLHEDORA;1072870;FILTRO AR CONDICIONADO 2°
62518;JOHN DEERE CH570;COLHEDORA;1135867;FILTRO LUBRIFICANTE
62518;JOHN DEERE CH570;COLHEDORA;1190301;FILTRO HIDRAULICO
62518;JOHN DEERE CH570;COLHEDORA;1190301;FILTRO HIDRAULICO
62518;JOHN DEERE CH570;COLHEDORA;1190301;FILTRO HIDRAULICO
62519;JOHN DEERE CH570;COLHEDORA;1019132;FILTRO COMBUSTIVEL
62519;JOHN DEERE CH570;COLHEDORA;1064149;FILTRO SEPARADOR
62519;JOHN DEERE CH570;COLHEDORA;1064174;FILTRO AR EXTERNO
62519;JOHN DEERE CH570;COLHEDORA;1064198;FILTRO AR INTERNO
62519;JOHN DEERE CH570;COLHEDORA;1072869;FILTRO AR CONDICIONADO
62519;JOHN DEERE CH570;COLHEDORA;1072870;FILTRO AR CONDICIONADO 2°
62519;JOHN DEERE CH570;COLHEDORA;1135867;FILTRO LUBRIFICANTE
62519;JOHN DEERE CH570;COLHEDORA;1190301;FILTRO HIDRAULICO
62519;JOHN DEERE CH570;COLHEDORA;1190301;FILTRO HIDRAULICO
62519;JOHN DEERE CH570;COLHEDORA;1190301;FILTRO HIDRAULICO
62520;JOHN DEERE CH570;COLHEDORA;1019132;FILTRO COMBUSTIVEL
62520;JOHN DEERE CH570;COLHEDORA;1064149;FILTRO SEPARADOR
62520;JOHN DEERE CH570;COLHEDORA;1064174;FILTRO AR EXTERNO
62520;JOHN DEERE CH570;COLHEDORA;1064198;FILTRO AR INTERNO
62520;JOHN DEERE CH570;COLHEDORA;1072869;FILTRO AR CONDICIONADO
62520;JOHN DEERE CH570;COLHEDORA;1072870;FILTRO AR CONDICIONADO 2°
62520;JOHN DEERE CH570;COLHEDORA;1135867;FILTRO LUBRIFICANTE
62520;JOHN DEERE CH570;COLHEDORA;1190301;FILTRO HIDRAULICO
62520;JOHN DEERE CH570;COLHEDORA;1190301;FILTRO HIDRAULICO
62520;JOHN DEERE CH570;COLHEDORA;1190301;FILTRO HIDRAULICO
62521;JOHN DEERE CH570;COLHEDORA;1019132;FILTRO COMBUSTIVEL
62521;JOHN DEERE CH570;COLHEDORA;1064149;FILTRO SEPARADOR
62521;JOHN DEERE CH570;COLHEDORA;1064174;FILTRO AR EXTERNO
62521;JOHN DEERE CH570;COLHEDORA;1064198;FILTRO AR INTERNO
62521;JOHN DEERE CH570;COLHEDORA;1072869;FILTRO AR CONDICIONADO
62521;JOHN DEERE CH570;COLHEDORA;1072870;FILTRO AR CONDICIONADO 2°
62521;JOHN DEERE CH570;COLHEDORA;1135867;FILTRO LUBRIFICANTE
62521;JOHN DEERE CH570;COLHEDORA;1190301;FILTRO HIDRAULICO
62521;JOHN DEERE CH570;COLHEDORA;1190301;FILTRO HIDRAULICO
62521;JOHN DEERE CH570;COLHEDORA;1190301;FILTRO HIDRAULICO
62700;VALTRA BS3330H;TRATOR UNIPORT;944440;FILTRO AR INTERNO
62700;VALTRA BS3330H;TRATOR UNIPORT;1161866;FILTRO LUBRIFICANTE
62700;VALTRA BS3330H;TRATOR UNIPORT;1235254;FILTRO AR EXTERNO
62700;VALTRA BS3330H;TRATOR UNIPORT;2125894;FILTRO AR CONDICIONADO 2°
62700;VALTRA BS3330H;TRATOR UNIPORT;2258742;FILTRO COMBUSTIVEL
62700;VALTRA BS3330H;TRATOR UNIPORT;2314125;FILTRO AR CONDICIONADO
62700;VALTRA BS3330H;TRATOR UNIPORT;2314150;FILTRO TRANSMISSAO
62700;VALTRA BS3330H;TRATOR UNIPORT;2314150;FILTRO TRANSMISSAO
62700;VALTRA BS3330H;TRATOR UNIPORT;2314162;FILTRO HIDRAULICO
62700;VALTRA BS3330H;TRATOR UNIPORT;2357173;FILTRO SEPARADOR
64000;JOHN DEERE 624K;PA CARREGADEIRA;921440;FILTRO LUBRIFICANTE
64000;JOHN DEERE 624K;PA CARREGADEIRA;921452;FILTRO HIDRAULICO
64000;JOHN DEERE 624K;PA CARREGADEIRA;921490;FILTRO COMBUSTIVEL
64000;JOHN DEERE 624K;PA CARREGADEIRA;947260;FILTRO AR EXTERNO
64000;JOHN DEERE 624K;PA CARREGADEIRA;947271;FILTRO AR INTERNO
64000;JOHN DEERE 624K;PA CARREGADEIRA;947325;FILTRO AR CONDICIONADO
64000;JOHN DEERE 624K;PA CARREGADEIRA;947325;FILTRO AR CONDICIONADO 2°
64000;JOHN DEERE 624K;PA CARREGADEIRA;1149866;FILTRO SEPARADOR
64000;JOHN DEERE 624K;PA CARREGADEIRA;1347299;FILTRO COMBUSTIVEL PORTA
64000;JOHN DEERE 624K;PA CARREGADEIRA;2366010;FILTRO TRANSMISSAO
64002;JOHN DEERE 624K;PA CARREGADEIRA;921440;FILTRO LUBRIFICANTE
64002;JOHN DEERE 624K;PA CARREGADEIRA;921452;FILTRO HIDRAULICO
64002;JOHN DEERE 624K;PA CARREGADEIRA;921490;FILTRO COMBUSTIVEL
64002;JOHN DEERE 624K;PA CARREGADEIRA;947260;FILTRO AR EXTERNO
64002;JOHN DEERE 624K;PA CARREGADEIRA;947271;FILTRO AR INTERNO
64002;JOHN DEERE 624K;PA CARREGADEIRA;947301;FILTRO AR CONDICIONADO
64002;JOHN DEERE 624K;PA CARREGADEIRA;947325;FILTRO AR CONDICIONADO 2°
64002;JOHN DEERE 624K;PA CARREGADEIRA;1149866;FILTRO SEPARADOR
64002;JOHN DEERE 624K;PA CARREGADEIRA;1347299;FILTRO COMBUSTIVEL PORTA
64002;JOHN DEERE 624K;PA CARREGADEIRA;2366010;FILTRO TRANSMISSAO
64003;JOHN DEERE 624K;PA CARREGADEIRA;921440;FILTRO LUBRIFICANTE
64003;JOHN DEERE 624K;PA CARREGADEIRA;921452;FILTRO HIDRAULICO
64003;JOHN DEERE 624K;PA CARREGADEIRA;921490;FILTRO COMBUSTIVEL
64003;JOHN DEERE 624K;PA CARREGADEIRA;947260;FILTRO AR EXTERNO
64003;JOHN DEERE 624K;PA CARREGADEIRA;947271;FILTRO AR INTERNO
64003;JOHN DEERE 624K;PA CARREGADEIRA;947301;FILTRO AR CONDICIONADO
64003;JOHN DEERE 624K;PA CARREGADEIRA;947325;FILTRO AR CONDICIONADO 2°
64003;JOHN DEERE 624K;PA CARREGADEIRA;1149866;FILTRO SEPARADOR
64003;JOHN DEERE 624K;PA CARREGADEIRA;1347299;FILTRO COMBUSTIVEL PORTA
64003;JOHN DEERE 624K;PA CARREGADEIRA;2366010;FILTRO TRANSMISSAO
64101;JOHN DEERE 310P;RETROESCAVADEIRA;921440;FILTRO LUBRIFICANTE
64101;JOHN DEERE 310P;RETROESCAVADEIRA;921490;FILTRO COMBUSTIVEL
64101;JOHN DEERE 310P;RETROESCAVADEIRA;947301;FILTRO AR CONDICIONADO
64101;JOHN DEERE 310P;RETROESCAVADEIRA;1347299;FILTRO COMBUSTIVEL PORTA
64101;JOHN DEERE 310P;RETROESCAVADEIRA;2495934;FILTRO AR EXTERNO
64101;JOHN DEERE 310P;RETROESCAVADEIRA;2495946;FILTRO AR INTERNO
64101;JOHN DEERE 310P;RETROESCAVADEIRA;2508904;FILTRO TRANSMISSAO
64101;JOHN DEERE 310P;RETROESCAVADEIRA;2508941;FILTRO AR CONDICIONADO 2°
64101;JOHN DEERE 310P;RETROESCAVADEIRA;2508977;FILTRO HIDRAULICO
64201;JOHN DEERE 620G;MOTONIVELADORA;921440;FILTRO LUBRIFICANTE
64201;JOHN DEERE 620G;MOTONIVELADORA;921490;FILTRO COMBUSTIVEL
64201;JOHN DEERE 620G;MOTONIVELADORA;947301;FILTRO AR CONDICIONADO
64201;JOHN DEERE 620G;MOTONIVELADORA;947325;FILTRO AR CONDICIONADO 2°
64201;JOHN DEERE 620G;MOTONIVELADORA;1064149;FILTRO SEPARADOR
64201;JOHN DEERE 620G;MOTONIVELADORA;1347299;FILTRO COMBUSTIVEL PORTA
64201;JOHN DEERE 620G;MOTONIVELADORA;1935380;FILTRO AR EXTERNO
64201;JOHN DEERE 620G;MOTONIVELADORA;1935409;FILTRO HIDRAULICO
64201;JOHN DEERE 620G;MOTONIVELADORA;1935409;FILTRO HIDRAULICO
64201;JOHN DEERE 620G;MOTONIVELADORA;1935409;FILTRO HIDRAULICO
64201;JOHN DEERE 620G;MOTONIVELADORA;1940399;FILTRO AR INTERNO
64202;JOHN DEERE 620P;MOTONIVELADORA;921490;FILTRO COMBUSTIVEL
64350;DYNAPAC CA 250P;ROLO COMPACTADOR;1172396;FILTRO COMBUSTIVEL
64350;DYNAPAC CA 250P;ROLO COMPACTADOR;1172396;FILTRO COMBUSTIVEL
64350;DYNAPAC CA 250P;ROLO COMPACTADOR;1231970;FILTRO LUBRIFICANTE
64350;DYNAPAC CA 250P;ROLO COMPACTADOR;1623461;FILTRO HIDRAULICO
64350;DYNAPAC CA 250P;ROLO COMPACTADOR;1839895;FILTRO AR INTERNO
64350;DYNAPAC CA 250P;ROLO COMPACTADOR;1839901;FILTRO AR EXTERNO
64402;JCB 540-170;EMPILHADEIRA;1234754;FILTRO AR EXTERNO
64402;JCB 540-170;EMPILHADEIRA;1273190;FILTRO LUBRIFICANTE
64402;JCB 540-170;EMPILHADEIRA;1340177;FILTRO AR INTERNO
64402;JCB 540-170;EMPILHADEIRA;1375180;FILTRO AR CONDICIONADO
64402;JCB 540-170;EMPILHADEIRA;1745419;FILTRO AR CONDICIONADO 2°
64402;JCB 540-170;EMPILHADEIRA;1879844;FILTRO COMBUSTIVEL
64402;JCB 540-170;EMPILHADEIRA;1984317;FILTRO COMBUSTIVEL PORTA
64402;JCB 540-170;EMPILHADEIRA;1985152;FILTRO TRANSMISSAO
64402;JCB 540-170;EMPILHADEIRA;2130660;RESPIRO HIDRAULICO
64403;JCB 530-110;EMPILHADEIRA;1231698;FILTRO AR EXTERNO
64403;JCB 530-110;EMPILHADEIRA;1273190;FILTRO LUBRIFICANTE
64403;JCB 530-110;EMPILHADEIRA;1352465;FILTRO AR INTERNO
64403;JCB 530-110;EMPILHADEIRA;1375180;FILTRO AR CONDICIONADO
64403;JCB 530-110;EMPILHADEIRA;1745419;FILTRO AR CONDICIONADO 2°
64403;JCB 530-110;EMPILHADEIRA;1879844;FILTRO COMBUSTIVEL
64403;JCB 530-110;EMPILHADEIRA;1984317;FILTRO COMBUSTIVEL PORTA
64403;JCB 530-110;EMPILHADEIRA;1985152;FILTRO TRANSMISSAO
64403;JCB 530-110;EMPILHADEIRA;2130660;RESPIRO HIDRAULICO
64404;JCB 530-110;EMPILHADEIRA;1231698;FILTRO AR EXTERNO
64404;JCB 530-110;EMPILHADEIRA;1273190;FILTRO LUBRIFICANTE
64404;JCB 530-110;EMPILHADEIRA;1352465;FILTRO AR INTERNO
64404;JCB 530-110;EMPILHADEIRA;1375180;FILTRO AR CONDICIONADO
64404;JCB 530-110;EMPILHADEIRA;1745419;FILTRO AR CONDICIONADO 2°
64404;JCB 530-110;EMPILHADEIRA;1879844;FILTRO COMBUSTIVEL
64404;JCB 530-110;EMPILHADEIRA;1984317;FILTRO COMBUSTIVEL PORTA
64404;JCB 530-110;EMPILHADEIRA;1985152;FILTRO TRANSMISSAO
64404;JCB 530-110;EMPILHADEIRA;2130660;RESPIRO HIDRAULICO
65005;MWM TCA 6.10;MOTOR IRRIGACAO;2130312;FILTRO COMBUSTIVEL
64202;JOHN DEERE 620P;MOTONIVELADORA;921440;FILTRO LUBRIFICANTE
64202;JOHN DEERE 620P;MOTONIVELADORA;1890189;FILTRO SEPARADOR
64202;JOHN DEERE 620P;MOTONIVELADORA;-;FILTRO TRANSMISSAO
64202;JOHN DEERE 620P;MOTONIVELADORA;1935380;FILTRO AR EXTERNO
64202;JOHN DEERE 620P;MOTONIVELADORA;1940399;FILTRO AR INTERNO
64202;JOHN DEERE 620P;MOTONIVELADORA;1347299;FILTRO COMBUSTIVEL PORTA
64202;JOHN DEERE 620P;MOTONIVELADORA;947301;FILTRO AR CONDICIONADO
64202;JOHN DEERE 620P;MOTONIVELADORA;947325;FILTRO AR CONDICIONADO 2°
64202;JOHN DEERE 620P;MOTONIVELADORA;1936426;FILTRO HIDRAULICO
64202;JOHN DEERE 620P;MOTONIVELADORA;1936426;FILTRO HIDRAULICO
65007;MWM 6.12 TCA;MOTOR IRRIGACAO;862265;FILTRO AR EXTERNO
65007;MWM 6.12 TCA;MOTOR IRRIGACAO;941049;FILTRO AR INTERNO
65007;MWM 6.12 TCA;MOTOR IRRIGACAO;1218049;FILTRO COMBUSTIVEL
65007;MWM 6.12 TCA;MOTOR IRRIGACAO;2130312;FILTRO LUBRIFICANTE
65008;MWM 6.12 TCA;MOTOR IRRIGACAO;1218049;FILTRO COMBUSTIVEL
65008;MWM 6.12 TCA;MOTOR IRRIGACAO;1234470;FILTRO LUBRIFICANTE
65008;MWM 6.12 TCA;MOTOR IRRIGACAO;941049;FILTRO AR INTERNO
65008;MWM 6.12 TCA;MOTOR IRRIGACAO;862265;FILTRO AR EXTERNO
65005;MWM TCA 6.10;MOTOR IRRIGACAO;1234470;FILTRO LUBRIFICANTE
65005;MWM TCA 6.10;MOTOR IRRIGACAO;944440;FILTRO AR INTERNO
65005;MWM TCA 6.10;MOTOR IRRIGACAO;1235254;FILTRO AR EXTERNO
62522;JOHN DEERE CH570;#N/A;1019132;FILTRO COMBUSTIVEL
62522;JOHN DEERE CH570;#N/A;1064149;FILTRO SEPARADOR
62522;JOHN DEERE CH570;#N/A;1064174;FILTRO AR EXTERNO
62522;JOHN DEERE CH570;#N/A;1064198;FILTRO AR INTERNO
62522;JOHN DEERE CH570;#N/A;1072869;FILTRO AR CONDICIONADO
62522;JOHN DEERE CH570;#N/A;1072870;FILTRO AR CONDICIONADO 2°
62522;JOHN DEERE CH570;#N/A;1135867;FILTRO LUBRIFICANTE
62522;JOHN DEERE CH570;#N/A;1190301;FILTRO HIDRAULICO
62522;JOHN DEERE CH570;#N/A;1190301;FILTRO HIDRAULICO
62522;JOHN DEERE CH570;#N/A;1190301;FILTRO HIDRAULICO
62523;JOHN DEERE CH570;#N/A;1019132;FILTRO COMBUSTIVEL
62523;JOHN DEERE CH570;#N/A;1064149;FILTRO SEPARADOR
62523;JOHN DEERE CH570;#N/A;1064174;FILTRO AR EXTERNO
62523;JOHN DEERE CH570;#N/A;1064198;FILTRO AR INTERNO
62523;JOHN DEERE CH570;#N/A;1072869;FILTRO AR CONDICIONADO
62523;JOHN DEERE CH570;#N/A;1072870;FILTRO AR CONDICIONADO 2°
62523;JOHN DEERE CH570;#N/A;1135867;FILTRO LUBRIFICANTE
62523;JOHN DEERE CH570;#N/A;1190301;FILTRO HIDRAULICO
62523;JOHN DEERE CH570;#N/A;1190301;FILTRO HIDRAULICO
62523;JOHN DEERE CH570;#N/A;1190301;FILTRO HIDRAULICO
60111;RENAULT OROCH INTENSE;#N/A;152085758R;FILTRO LUBRIFICANTE
60111;RENAULT OROCH INTENSE;#N/A;165467674R;FILTRO AR EXTERNO
60111;RENAULT OROCH INTENSE;#N/A;272773223R;FILTRO AR CONDICIONADO
60111;RENAULT OROCH INTENSE;#N/A;8200386495;FILTRO COMBUSTIVEL
60113;RENAULT OROCH INTENSE;#N/A;152085758R;FILTRO LUBRIFICANTE
60113;RENAULT OROCH INTENSE;#N/A;165467674R;FILTRO AR EXTERNO
60113;RENAULT OROCH INTENSE;#N/A;272773223R;FILTRO AR CONDICIONADO
60113;RENAULT OROCH INTENSE;#N/A;8200386495;FILTRO COMBUSTIVEL
62700;VALTRA BS3330H;TRATOR UNIPORT;2260657;FILTRO COMBUSTIVEL - TROCA ÓLEO
12232;BH185i;TRATOR;1158480;FILTRO COMBUSTIVEL
12232;BH185i;TRATOR;1158480;FILTRO COMBUSTIVEL
12232;BH185i;TRATOR;1161866;FILTRO LUBRIFICANTE
12232;BH185i;TRATOR;1304665;FILTRO SEPARADOR
12232;BH185i;TRATOR;1151708;FILTRO AR EXTERNO
12232;BH185i;TRATOR;1234948;FILTRO AR INTERNO
12232;BH185i;TRATOR;1232666;FILTRO AR CONDICIONADO
62269;JOHN DEERE 5090E;#N/A;921440;FILTRO LUBRIFICANTE
62269;JOHN DEERE 5090E;#N/A;1176766;FILTRO COMBUSTIVEL
62269;JOHN DEERE 5090E;#N/A;1231789;FILTRO TRANSMISSAO
62269;JOHN DEERE 5090E;#N/A;1959979;FILTRO COMBUSTIVEL PORTA
62269;JOHN DEERE 5090E;#N/A;2101221;FILTRO AR INTERNO
62269;JOHN DEERE 5090E;#N/A;2101245;FILTRO AR EXTERNO
62269;JOHN DEERE 5090E;#N/A;2108409;FILTRO HIDRAULICO
62269;JOHN DEERE 5090E;#N/A;2129437;FILTRO AR CONDICIONADO
62269;JOHN DEERE 5090E;#N/A;2129437;FILTRO AR CONDICIONADO
62269;JOHN DEERE 5090E;#N/A;2130191;FILTRO AR CONDICIONADO 2°
62269;JOHN DEERE 5090E;#N/A;2130191;FILTRO AR CONDICIONADO 2°
